Nafn,ID,Starfsheiti,Sveitarfelag,Fornafn,Eftirnafn,Heimasimi,Vinnusimi,Farsimi,Notendanafn,Deild
Andres Magnusson,6747,laeknir,Kopavogi,Andres,Magnusson,+354 555-9041,+354 567-9054,+354 867-3454,AndMag,Tolvudeild
Andres Bjarni Sigurvinsson,2468,verkefnisstjori,Svf. arborg,Andres Bjarni,Sigurvinsson,+354 555-5161,+354 567-9683,+354 867-3527,AndSig,Tolvudeild
Andri Mar Fridriksson,2061,nemi,Reykjavik,Andri Mar,Fridriksson,+354 555-7543,+354 567-9313,+354 867-8025,AndFri,Tolvudeild
Andri Valur ivarsson,8397,nemi vid Haskola islands,Reykjavik,Andri Valur,ivarsson,+354 555-4430,+354 567-9282,+354 867-5305,Andiva,Tolvudeild
Andri Ottesen,2908,framkvaemdastjori,Reykjavik,Andri,Ottesen,+354 555-5726,+354 567-9979,+354 867-5247,AndOtt,Tolvudeild
Ann Maria Andreasen,4162,ritari skipulagsstjora,Reykjavik,Ann Maria,Andreasen,+354 555-4874,+354 567-8644,+354 867-1080,AnnAnd,Tolvudeild
Anna Kolbrun arnadottir,3073,serkennari,Akureyri,Anna Kolbrun,arnadottir,+354 555-6562,+354 567-8810,+354 867-6433,Annarn,Tolvudeild
Anna Maria Bogadottir,9739,menningarfraedingur,Reykjavik,Anna Maria,Bogadottir,+354 555-7042,+354 567-8683,+354 867-6671,AnnBog,Tolvudeild
Anna Kristin Kristjansdottir,9068,velfraedingur,Reykjavik,Anna Kristin,Kristjansdottir,+354 555-1237,+354 567-8853,+354 867-2770,AnnKri,Tolvudeild
Anna Benkovic Mikaelsdottir,4382,kennari,Svf. alftanesi,Anna Benkovic,Mikaelsdottir,+354 555-6620,+354 567-8578,+354 867-4312,AnnMik,Tolvudeild
Anna Elisabet olafsdottir,3689,radgjafi,Kopavogi,Anna Elisabet,olafsdottir,+354 555-2274,+354 567-9095,+354 867-1197,Annola,Tolvudeild
Anton Johannesson,8364,radgjafi,Reykjavik,Anton,Johannesson,+354 555-1523,+354 567-8952,+354 867-4243,AntJoh,Tolvudeild
Ari Teitsson,2237,bondi,tingeyjarsveit,Ari,Teitsson,+354 555-7685,+354 567-9506,+354 867-1839,AriTei,Fjarmaladeild
Arinbjorn Sigurgeirsson,5295,gaedastjori Hafnarfjardarbaejar,Reykjavik,Arinbjorn,Sigurgeirsson,+354 555-8256,+354 567-9465,+354 867-4834,AriSig,Fjarmaladeild
Arnaldur Gylfason,7517,forritari,Reykjavik,Arnaldur,Gylfason,+354 555-7471,+354 567-9060,+354 867-5090,ArnGyl,Fjarmaladeild
Arnar Geir Karason,9871,framkvaemdastjori,Reykjavik,Arnar Geir,Karason,+354 555-4530,+354 567-9183,+354 867-7261,ArnKar,Fjarmaladeild
Arndis Einarsdottir,5449,atvinnuleitandi,Reykjavik,Arndis,Einarsdottir,+354 555-4667,+354 567-9221,+354 867-6785,ArnEin,Fjarmaladeild
Arnfridur Gudmundsdottir,8023,professor,Kopavogi,Arnfridur,Gudmundsdottir,+354 555-8490,+354 567-9028,+354 867-9646,ArnGud,Fjarmaladeild
Audur Jonasdottir,8012,solufulltrui,Akureyri,Audur,Jonasdottir,+354 555-9644,+354 567-9062,+354 867-5593,AudJon,Fjarmaladeild
Audur Sigr. Kristinsdottir,4965,radgjafi,Reykjavik,Audur Sigr.,Kristinsdottir,+354 555-4096,+354 567-8411,+354 867-4227,AudKri,Fjarmaladeild
Axel tor Kolbeinsson,2336,tolvutaeknir,Hveragerdi,Axel tor,Kolbeinsson,+354 555-1649,+354 567-9908,+354 867-3239,AxeKol,Fjarmaladeild
agust Bjarni Gardarsson,5427,haskolanemi,Hafnarfirdi,agust Bjarni,Gardarsson,+354 555-8591,+354 567-8942,+354 867-4973,aguMGar,Fjarmaladeild
agust Mar Gardarsson,7275,yfirmadur i eldhusi,Reykjavik,agust Mar,Gardarsson,+354 555-5340,+354 567-9176,+354 867-9366,aguGar,Fjarmaladeild
agust Gudmundsson,7528,kvikmyndaleikstjori,Reykjavik,agust,Gudmundsson,+354 555-4924,+354 567-9316,+354 867-2822,aguGud,Fjarmaladeild
agust Hjortur Ingtorsson,5867,forstodumadur Rannsoknatjonustu Haskola islands,Reykjavik,agust Hjortur,Ingtorsson,+354 555-8813,+354 567-9495,+354 867-4848,aguIng,Fjarmaladeild
agust Alfred Snaebjornsson,8617,forstjori,Kopavogi,agust Alfred,Snaebjornsson,+354 555-6278,+354 567-8054,+354 867-3154,aguSnae,Fjarmaladeild
agust Valfells,6164,verkfraedingur,Kopavogi,agust,Valfells,+354 555-5883,+354 567-9198,+354 867-7417,aguVal,Fjarmaladeild
agusta Sigrun agustsdottir,3623,mannaudsstjori,Kopavogi,agusta Sigrun,agustsdottir,+354 555-1443,+354 567-8857,+354 867-8813,aguagu,Fjarmaladeild
agusta Hjordis Lyons Flosadottir,2556,loggiltur skjalatydandi,Reykjavik,agusta Hjordis,Lyons Flosadottir,+354 555-5402,+354 567-8621,+354 867-7525,aguLyo,Fjarmaladeild
alfheidur Eymarsdottir,4668,verktaki,Reykjavik,alfheidur,Eymarsdottir,+354 555-9518,+354 567-8608,+354 867-7834,alfEym,Fjarmaladeild
amundi Hjalmar Loftsson,4316,verktaki,Kopavogi,amundi Hjalmar,Loftsson,+354 555-7057,+354 567-8188,+354 867-4854,amuLof,Fjarmaladeild
arelius orn tordarson,9926,flokksstjori,Hafnarfirdi,arelius orn,tordarson,+354 555-8520,+354 567-8113,+354 867-5136,aretor,Fjarmaladeild
armann Atli Sigurdsson,8254,leikskolakennari,Reykjavik,armann Atli,Sigurdsson,+354 555-4434,+354 567-8614,+354 867-6311,armSig,Fjarmaladeild
arni Bjornsson,6736,fv. forstodumadur tjodhattadeildar tjodminjasafns islands,Reykjavik,arni,Bjornsson,+354 555-7130,+354 567-8363,+354 867-4680,arnBjo,Fjarmaladeild
arni Bjorn Gudjonsson,2435,listmalari,Reykjavik,arni Bjorn,Gudjonsson,+354 555-4230,+354 567-8496,+354 867-7583,arnBGud,Fjarmaladeild
arni Indridason,5075,framhaldsskolakennari,Reykjavik,arni,Indridason,+354 555-5775,+354 567-8441,+354 867-3131,arnInd,Fjarmaladeild
arni Jonsson,8078,rafvirkjameistari,Rangartingi ytra,arni,Jonsson,+354 555-2040,+354 567-8512,+354 867-7851,arnJon,Fjarmaladeild
arni Kjartansson,7297,arkitekt,Reykjavik,arni,Kjartansson,+354 555-2468,+354 567-9133,+354 867-3817,arnKja,Fjarmaladeild
arni Vilhjalmsson,6571,logmadur,Gardabae,arni,Vilhjalmsson,+354 555-1738,+354 567-8848,+354 867-1640,arnVil,Fjarmaladeild
asdis Hlokk teodorsdottir,2787,skipulagsfraedingur  haskolakennari,Reykjavik,asdis Hlokk,teodorsdottir,+354 555-4867,+354 567-9261,+354 867-1279,asdte,Fjarmaladeild
asgeir Baldursson,5064,framkvaemdastjori,Reykjavik,asgeir,Baldursson,+354 555-6932,+354 567-8427,+354 867-4210,asgBal,Fjarmaladeild
asgeir Beinteinsson,2897,skolastjori,Reykjavik,asgeir,Beinteinsson,+354 555-7782,+354 567-9225,+354 867-4339,asgBei,Fjarmaladeild
asgeir Gudmundur Bjarnason,5504,framkvaemdastjori,Seltjarnarnesi,asgeir Gudmundur,Bjarnason,+354 555-2009,+354 567-8729,+354 867-5073,asgBja,Framleidsludeild
asgeir Erling Gunnarsson,2842,vidskiptafraedingur loggiltur skipa- og fasteignasali,Reykjavik,asgeir Erling,Gunnarsson,+354 555-4323,+354 567-8164,+354 867-5210,asgGun,Framleidsludeild
asgeir torbergsson,2919,nemi vid Menntaskolann Hradbraut,Reykjavik,asgeir,torbergsson,+354 555-5981,+354 567-8173,+354 867-1257,asgtor,Framleidsludeild
aslaug Gudmundsdottir,4349,starfsmadur a endurskodunarskrifstofu,Hafnarfirdi,aslaug,Gudmundsdottir,+354 555-9652,+354 567-9819,+354 867-6155,aslGud,Framleidsludeild
aslaug torlacius,8309,myndlistarmadur  kennari vid Melaskola,Reykjavik,aslaug,torlacius,+354 555-9395,+354 567-8919,+354 867-2936,aslto,Framleidsludeild
asta Kristbergsdottir,7495,arkitekt FAi  landslagsarkitekt MAA,Reykjavik,asta,Kristbergsdottir,+354 555-7791,+354 567-9878,+354 867-5408,astKri,Framleidsludeild
asta Leonhardsdottir,4613,vidskiptafraedingur,Kopavogi,asta,Leonhardsdottir,+354 555-9456,+354 567-8962,+354 867-2633,astLeo,Framleidsludeild
astros Gunnlaugsdottir,5779,nemi  stjornmalafraedingur,Gardabae,astros,Gunnlaugsdottir,+354 555-6487,+354 567-9112,+354 867-7392,astGun,Framleidsludeild
asttor Magnusson Wium,7176,atafnamadur,Reykjavik,asttor Magnusson,Wium,+354 555-6106,+354 567-8105,+354 867-8419,astWiu,Framleidsludeild
Baldur agustsson,5031,flugumferdarstjori,Reykjavik,Baldur,agustsson,+354 555-6536,+354 567-9001,+354 867-5853,Balagu,Framleidsludeild
Baldur oskarsson,5361,framhaldsskolakennari,Reykjavik,Baldur,oskarsson,+354 555-3920,+354 567-9747,+354 867-3768,Balosk,Framleidsludeild
Baldvin orn Berndsen,6175,sjalfstaett starfandi,Reykjavik,Baldvin orn,Berndsen,+354 555-5644,+354 567-9135,+354 867-4224,BalBer,Framleidsludeild
Baldvin Bjorgvinsson,5185,raffraedingur  kennari,Kopavogi,Baldvin,Bjorgvinsson,+354 555-7013,+354 567-9989,+354 867-7365,BalBjo,Framleidsludeild
Benedikt Hreinn Einarsson,6901,haskolanemi,Akureyri,Benedikt Hreinn,Einarsson,+354 555-8140,+354 567-8653,+354 867-8361,BenEin,Framleidsludeild
Benedikt torri Sigurjonsson,2248,haskolanemi,Nordurtingi,Benedikt torri,Sigurjonsson,+354 555-1384,+354 567-9972,+354 867-6391,BenSig,Framleidsludeild
Benedikt Gardar Stefansson,6098,flugvirki,Reykjavik,Benedikt Gardar,Stefansson,+354 555-1446,+354 567-9134,+354 867-8541,BenSte,Framleidsludeild
Berglind Nanna olinudottir,5526,leidsogumadur  oryggisvordur,Hafnarfirdi,Berglind Nanna,olinudottir,+354 555-4994,+354 567-8176,+354 867-8984,Beroli,Framleidsludeild
Bergljot Tulinius Gunnlaugsdottir,7869,safnstjori,Hafnarfirdi,Bergljot Tulinius,Gunnlaugsdottir,+354 555-8478,+354 567-9246,+354 867-4473,BerGun,Framleidsludeild
Bergny Jona Saevarsdottir,6417,verkefnastjori a Einkaleyfastofu islands,Reykjavik,Bergny Jona,Saevarsdottir,+354 555-1826,+354 567-8367,+354 867-3267,BerSaev,Framleidsludeild
Bergsveinn Gudmundur Gudmundsson,3579,heimavinnandi husfadir,Svf. Gardi,Bergsveinn Gudmundur,Gudmundsson,+354 555-9860,+354 567-9311,+354 867-4419,BerGud,Framleidsludeild
Bergsveinn Halldorsson,6725,tresmidur i ahaldahusi  tresmidameistari,Svf. arborg,Bergsveinn,Halldorsson,+354 555-7925,+354 567-9793,+354 867-5073,BerHal,Framleidsludeild
Bergvin Oddsson,6494,ritofundur  fyrirlesari,Akureyri,Bergvin,Oddsson,+354 555-9488,+354 567-8062,+354 867-7461,BerOdd,Framleidsludeild
Birgir Eiriksson,4602,skrudgardyrkjumeistari  gardyrkjumadur,Reykjavik,Birgir,Eiriksson,+354 555-6534,+354 567-8428,+354 867-2603,BirEir,Framleidsludeild
Birgir Karlsson,2776,fv. skolastjori,Reykjavik,Birgir,Karlsson,+354 555-3324,+354 567-8075,+354 867-2908,BirKar,Framleidsludeild
Birgir Loftsson,3557,sagnfraedingur,Hafnarfirdi,Birgir,Loftsson,+354 555-5292,+354 567-8461,+354 867-1406,BirLof,Framleidsludeild
Birna Kristbjorg Bjornsdottir,4184,vidskiptafraedingur,Grindavik,Birna Kristbjorg,Bjornsdottir,+354 555-1518,+354 567-9262,+354 867-7791,BirBjo,Framleidsludeild
Birna Gudrun Konradsdottir,4195,sjukranuddari  bladamadur  bondi,Borgarbyggd,Birna Gudrun,Konradsdottir,+354 555-2138,+354 567-8207,+354 867-3445,BirKon,Framleidsludeild
Birna Vilhjalmsdottir,8639,kennari,Reykjavik,Birna,Vilhjalmsdottir,+354 555-8027,+354 567-9667,+354 867-2803,BirVil,Framleidsludeild
Birna tordardottir,4921,ferdaskipuleggjandi  skald,Reykjavik,Birna,tordardottir,+354 555-3951,+354 567-8794,+354 867-5114,Birtor,Framleidsludeild
Bjorg olafsdottir,5537,honnudur,Kopavogi,Bjorg,olafsdottir,+354 555-3539,+354 567-8816,+354 867-9768,Bjoola,Framleidsludeild
Bjorgvin Runar Leifsson,4943,afangastjori,Nordurtingi,Bjorgvin Runar,Leifsson,+354 555-1955,+354 567-9799,+354 867-2276,BjoLei,Framleidsludeild
Bjorgvin Martin Hjelvik Snorrason,8815,kennari  skolastjori  prestur,Reykjavik,Bjorgvin Martin,Hjelvik Snorrason,+354 555-4664,+354 567-8593,+354 867-5137,BjoHje,Framleidsludeild
Bjorn Ragnar Bjornsson,9838,staerdfraedingur,Reykjavik,Bjorn Ragnar,Bjornsson,+354 555-9759,+354 567-9777,+354 867-6653,BjoBjo,Framleidsludeild
Bjorn Einarsson,6340,laeknir heimspekinemi,Gardabae,Bjorn,Einarsson,+354 555-5447,+354 567-8079,+354 867-2728,BjoEin,Framleidsludeild
Bjorn Saevar Einarsson,3513,vedurfraedingur,Reykjavik,Bjorn Saevar,Einarsson,+354 555-2016,+354 567-9873,+354 867-8909,BjoSEin,Framleidsludeild
Bjorn Fridfinnsson,2875,logfraedingur,Reykjavik,Bjorn,Fridfinnsson,+354 555-3396,+354 567-8529,+354 867-9835,BjoFri,Framleidsludeild
Bjorn Gudbrandur Jonsson,6758,umhverfisfraedingur framkvaemdastjori,Reykjavik,Bjorn Gudbrandur,Jonsson,+354 555-4828,+354 567-8499,+354 867-1161,BjoGJon,Framleidsludeild
Bjorn Ingi Jonsson,8705,framkvaemdastjori,Svf. Hornafirdi,Bjorn Ingi,Jonsson,+354 555-9399,+354 567-9266,+354 867-8320,BjoJon,Framleidsludeild
Bjorn M. Sigurjonsson,4580,svidsstjori,Reykjavik,Bjorn M.,Sigurjonsson,+354 555-8011,+354 567-8647,+354 867-2081,BjoSig,Framleidsludeild
Bjorn oskar Vernhardsson,8793,salfraedingur,Reykjavik,Bjorn oskar,Vernhardsson,+354 555-6412,+354 567-8587,+354 867-2696,BjoVer,Framleidsludeild
Bolli Hedinsson,4338,hagfraedingur,Reykjavik,Bolli,Hedinsson,+354 555-6311,+354 567-8510,+354 867-9080,BolHed,Framleidsludeild
Borghildur Solvey Sturludottir,8067,arkitekt,Hafnarfirdi,Borghildur Solvey,Sturludottir,+354 555-2666,+354 567-8508,+354 867-8258,BorStu,Framleidsludeild
Borgtor S. Kjaernested,3062,fv. framkvaemdastjori a eftirlaunum,Reykjavik,Borgtor S.,Kjaernested,+354 555-1830,+354 567-8033,+354 867-5859,BorKjae,Framleidsludeild
Bragi Straumfjord Josepsson,8342,fv. professor uppeldisfraedingur,Stykkisholmi,Bragi Straumfjord,Josepsson,+354 555-8722,+354 567-9353,+354 867-8028,BraJos,Framleidsludeild
Bragi Skaftason,6923,tryggingaradgjafi,Reykjavik,Bragi,Skaftason,+354 555-4425,+354 567-8042,+354 867-9608,BraSka,Framleidsludeild
Breki Karlsson,6813,velaverkfraedingur,Reykjavik,Breki,Karlsson,+354 555-7173,+354 567-9222,+354 867-3905,BreKar,Framleidsludeild
Bryan Allen Smit III,8936,atafnamadur,Reykjavik,Bryan Allen,Smit III,+354 555-4681,+354 567-9966,+354 867-4004,BrySmi,Framleidsludeild
Bryndis Bjarnarson,3843,verkefnisstyra Kvennafridagsins 2010,Mosfellsbae,Bryndis,Bjarnarson,+354 555-6892,+354 567-9469,+354 867-7102,BryBja,Framleidsludeild
Brynjar Gunnarsson,9519,ljosmyndari,Reykjavik,Brynjar,Gunnarsson,+354 555-4056,+354 567-8504,+354 867-4425,BryGun,Framleidsludeild
Brynjolfur Sveinn ivarsson,9035,nemi,Gardabae,Brynjolfur Sveinn,ivarsson,+354 555-9266,+354 567-9387,+354 867-4913,Bryiva,Framleidsludeild
Charlotta Oddsdottir,4459,dyralaeknir,Hafnarfirdi,Charlotta,Oddsdottir,+354 555-8393,+354 567-9864,+354 867-1252,ChaOdd,Framleidsludeild
Clarence Edvin Glad,3975,sjalfstaett starfandi fraedimadur kennari,Reykjavik,Clarence Edvin,Glad,+354 555-6399,+354 567-9176,+354 867-9897,ClaGla,Framleidsludeild
Dadi Mar Jonsson,7407,verkstjori,Reykjavik,Dadi Mar,Jonsson,+354 555-1459,+354 567-8253,+354 867-8325,DadJon,Framleidsludeild
Dagbjartur Ingvar Ariliusson,6285,bila- og velasali sveitarstjornarmadur,Borgarbyggd,Dagbjartur Ingvar,Ariliusson,+354 555-3422,+354 567-8296,+354 867-5321,DagAri,Framleidsludeild
David Blondal,9134,radgjafi felagi i InDefence hopnum,Reykjavik,David,Blondal,+354 555-7536,+354 567-9079,+354 867-3704,DavBlo,Framleidsludeild
Dogg Hardardottir,7572,deildarstjori,Akureyri,Dogg,Hardardottir,+354 555-7463,+354 567-9680,+354 867-4688,DogHar,Framleidsludeild
Edvald Einar Stefansson,5845,serfraedingur hja umbodsmanni barna,Reykjavik,Edvald Einar,Stefansson,+354 555-7927,+354 567-8797,+354 867-6541,EdvSte,Framleidsludeild
Eggert olafsson,4547,rekstrar- og gaedastjori,Reykjavik,Eggert,olafsson,+354 555-3882,+354 567-8589,+354 867-1193,Eggola,Framleidsludeild
Egill orn torarinsson,3821,nemi i stjornmalafraedi,Hafnarfirdi,Egill orn,torarinsson,+354 555-5456,+354 567-9686,+354 867-1842,Egitor,Framleidsludeild
Einar Brandsson,6307,taeknifraedingur,Akranesi,Einar,Brandsson,+354 555-4053,+354 567-8184,+354 867-1925,EinBra,Framleidsludeild
Einar Magnus Einarsson,3161,vaktmadur,Nordurtingi,Einar Magnus,Einarsson,+354 555-7214,+354 567-9301,+354 867-7673,EinEin,Framleidsludeild
Einar Gudmundsson,3645,gedlaeknir,Gardabae,Einar,Gudmundsson,+354 555-1582,+354 567-9348,+354 867-4238,EinGud,Framleidsludeild
Einar Stefan Kristinsson,9761,hopstjori gagnagrunnsserfraedingur,Kopavogi,Einar Stefan,Kristinsson,+354 555-4104,+354 567-9502,+354 867-3217,EinKri,Framleidsludeild
Eirikur Beck,6703,sjalfstaett starfandi,Kopavogi,Eirikur,Beck,+354 555-7167,+354 567-9741,+354 867-4294,EirBec,Framleidsludeild
Eirikur Bergmann Einarsson,2193,dosent i stjornmalafraedi,Reykjavik,Eirikur Bergmann,Einarsson,+354 555-4954,+354 567-8033,+354 867-8146,EirEin,Framleidsludeild
Eirikur G. Gudmundsson,4415,svidsstjori i tjodskjalasafni islands,Reykjavik,Eirikur G.,Gudmundsson,+354 555-9296,+354 567-9919,+354 867-4874,EirGud,Framleidsludeild
Eirikur tor Magnusson,3348,malarameistari,Svf. Skagafirdi,Eirikur tor,Magnusson,+354 555-2946,+354 567-9586,+354 867-7339,EirMag,Framleidsludeild
Eirikur Hans Sigurdsson,5438,okukennari,Reykjavik,Eirikur Hans,Sigurdsson,+354 555-4310,+354 567-9033,+354 867-2370,EirSig,Framleidsludeild
Eirikur Mork Valsson,2974,framkvaemdastjori,Kopavogi,Eirikur Mork,Valsson,+354 555-4338,+354 567-8319,+354 867-2382,EirVal,Framleidsludeild
Elinborg Skuladottir,3271,rekstrarstjori,Akranesi,Elinborg,Skuladottir,+354 555-3280,+354 567-8687,+354 867-4931,EliSku,Framleidsludeild
Elias Halldor agustsson,9904,kerfisfraedingur,Reykjavik,Elias Halldor,agustsson,+354 555-6111,+354 567-9538,+354 867-3092,Eliagu,Framleidsludeild
Elias Gislason,5383,vidskiptafraedingur,Reykjavik,Elias,Gislason,+354 555-6496,+354 567-9659,+354 867-2845,EliGis,Framleidsludeild
Elias Blondal Gudjonsson,7759,logfraedingur,Gardabae,Elias Blondal,Gudjonsson,+354 555-4142,+354 567-9753,+354 867-3507,EliBGud,Framleidsludeild
Elias Oddsson,7286,nemi sjalfstaett starfandi i ferdatjonustu o.fl.,Reykjavik,Elias,Oddsson,+354 555-2959,+354 567-8785,+354 867-5061,EliOdd,Framleidsludeild
Elias Petursson,7726,framkvaemdastjori,Mosfellsbae,Elias,Petursson,+354 555-4440,+354 567-8803,+354 867-9777,EliPet,Framleidsludeild
Elias teodorsson,4393,framkvaemdastjori,Svf. olfusi,Elias,teodorsson,+354 555-3476,+354 567-8304,+354 867-8297,Elite,Framleidsludeild
Elin Gudmundsdottir,2105,natturufraedingur verslunareigandi,Svf. arborg,Elin,Gudmundsdottir,+354 555-3971,+354 567-8482,+354 867-8996,EliGud,Framleidsludeild
Elin Hilmarsdottir,9849,verkefnastjori,Reykjavik,Elin,Hilmarsdottir,+354 555-9418,+354 567-8740,+354 867-9015,EliHil,Framleidsludeild
Elin olafsdottir,4569,framkvaemdastjori,Gardabae,Elin,olafsdottir,+354 555-6666,+354 567-9603,+354 867-1707,Eliola,Framleidsludeild
Elin Erna Steinarsdottir,6681,leikskolastjori,Reykjavik,Elin Erna,Steinarsdottir,+354 555-1980,+354 567-9135,+354 867-5486,EliSte,Framleidsludeild
Erla Hlin Hjalmarsdottir,5262,doktorsnemi vid Hi,Reykjavik,Erla Hlin,Hjalmarsdottir,+354 555-5410,+354 567-8063,+354 867-8461,ErlHja,Framleidsludeild
Erlingur Sigurdarson,9431,fv. forstodumadur Huss skaldsins og kennari vid MA,Akureyri,Erlingur,Sigurdarson,+354 555-1422,+354 567-8727,+354 867-2666,ErlSig,Framleidsludeild
Eva Huld Fridriksdottir,9046,arkitekt kennari,Reykjavik,Eva Huld,Fridriksdottir,+354 555-2307,+354 567-8248,+354 867-7932,EvaFri,Framleidsludeild
Eva Sigurbjornsdottir,2754,hotelstyra,arneshreppi,Eva,Sigurbjornsdottir,+354 555-7204,+354 567-8018,+354 867-8007,EvaSig,Framleidsludeild
Eva Alice Lucienne Leplat Sigurdsson,3381,kennari,Reykjavik,Eva Alice,Lucienne Leplat Sigurdsson,+354 555-6659,+354 567-9355,+354 867-1711,EvaLuc,Framleidsludeild
Eyglo Svala Arnarsdottir,3854,ritstjori,Reykjavik,Eyglo Svala,Arnarsdottir,+354 555-8352,+354 567-9957,+354 867-1745,EygArn,Framleidsludeild
Eyjolfur armannsson,8914,logfraedingur adstodarsaksoknari i efnahagsbrotadeild RLS,Reykjavik,Eyjolfur,armannsson,+354 555-3869,+354 567-8780,+354 867-9121,Eyjarm,Framleidsludeild
Eytor Jovinsson,3029,nemi i arkitektur sjomadur,isafjardarbae,Eytor,Jovinsson,+354 555-5822,+354 567-9168,+354 867-1659,EytJov,Framleidsludeild
Finnbjorn Gislason,6087,gjaldkeri a sysluskrifstofu heimavinnandi husfadir,Dalabyggd,Finnbjorn,Gislason,+354 555-1566,+354 567-8953,+354 867-9496,FinGis,Framleidsludeild
Finnbogi Vikar,6032,nemi,Hveragerdi,Finnbogi,Vikar,+354 555-8087,+354 567-8337,+354 867-4616,FinVik,Framleidsludeild
Freyja Haraldsdottir,2303,framkvaemdarstjori nemi,Gardabae,Freyja,Haraldsdottir,+354 555-3570,+354 567-8458,+354 867-2537,FreHar,Framleidsludeild
Fridrik Hansen Gudmundsson,9156,framkvaemdastjori verkfraedingur,Reykjavik,Fridrik Hansen,Gudmundsson,+354 555-5543,+354 567-9141,+354 867-8213,FriHGud,Framleidsludeild
Fridrik tor Gudmundsson,7814,bladamadur stjornmalafraedingur,Reykjavik,Fridrik tor,Gudmundsson,+354 555-1806,+354 567-8733,+354 867-1695,FriGud,Framleidsludeild
Fridrik olafsson,8375,radgjafi verkfraedingur,Reykjavik,Fridrik,olafsson,+354 555-4107,+354 567-8099,+354 867-1069,Friola,Framleidsludeild
Fridrik Sigurdsson,9706,frumkvodull,Reykjavik,Fridrik,Sigurdsson,+354 555-3740,+354 567-9444,+354 867-5930,FriSig,Framleidsludeild
Frosti Sigurjonsson,5614,rekstrarhagfraedingur,Reykjavik,Frosti,Sigurjonsson,+354 555-6399,+354 567-8930,+354 867-5285,FroSig,Framleidsludeild
Gardar Ingvarsson,4063,hagfraedingur radgjafi,Reykjavik,Gardar,Ingvarsson,+354 555-8207,+354 567-8524,+354 867-6491,GarIng,Framleidsludeild
Geir Matti Järvelä,6912,heimspekinemi,Reykjavik,Geir Matti,Järvelä,+354 555-7707,+354 567-9576,+354 867-8016,GeiJär,Framleidsludeild
Gerda Bjorg Hafsteinsdottir,2215,atvinnufulltrui,Reykjavik,Gerda Bjorg,Hafsteinsdottir,+354 555-2416,+354 567-9720,+354 867-5560,GerHaf,Framleidsludeild
Gissur Petursson,3634,forstjori Vinnumalastofnunar,Reykjavik,Gissur,Petursson,+354 555-3618,+354 567-8944,+354 867-5558,GisPet,Framleidsludeild
Gisli Kristbjorn Bjornsson,6978,logfraedingur,Reykjavik,Gisli Kristbjorn,Bjornsson,+354 555-9911,+354 567-9771,+354 867-6620,GisBjo,Framleidsludeild
Gisli Jokull Gislason,8958,logreglumadur,Reykjavik,Gisli Jokull,Gislason,+354 555-1855,+354 567-9218,+354 867-6990,GisGis,Framleidsludeild
Gisli Mar Gislason,4327,professor i vatnaliffraedi i Hi,Reykjavik,Gisli Mar,Gislason,+354 555-9217,+354 567-8798,+354 867-7310,GisMGis,Framleidsludeild
Gisli Hjartarson,3612,framkvaemdastjori,Vestmannaeyjum,Gisli,Hjartarson,+354 555-4934,+354 567-9632,+354 867-2229,GisHja,Framleidsludeild
Gisli Kristjansson,7583,framkvaemdastjori,Reykjavik,Gisli,Kristjansson,+354 555-7400,+354 567-9953,+354 867-1157,GisKri,Framleidsludeild
Gisli tor Sigurtorsson,6142,framhaldsskolakennari,Reykjavik,Gisli tor,Sigurtorsson,+354 555-2671,+354 567-8929,+354 867-5117,GisSig,Framleidsludeild
Gisli Tryggvason,3249,talsmadur neytenda,Kopavogi,Gisli,Tryggvason,+354 555-4145,+354 567-8835,+354 867-9811,GisTry,Framleidsludeild
Gislny Bara tordardottir,9453,troskatjalfi,Gardabae,Gislny Bara,tordardottir,+354 555-9248,+354 567-8022,+354 867-2994,Gistor,Framleidsludeild
Greta osk oskarsdottir,3018,bokmenntafraedingur,Reykjavik,Greta osk,oskarsdottir,+354 555-9201,+354 567-8845,+354 867-9921,Greosk,Framleidsludeild
Gretar Bjarnason,3832,husasmidameistari,Hafnarfirdi,Gretar,Bjarnason,+354 555-2758,+354 567-8862,+354 867-5846,GreBja,Framleidsludeild
Grimur Sigurdarson,7946,logmadur,Gardabae,Grimur,Sigurdarson,+354 555-2082,+354 567-8129,+354 867-3792,GriSig,Framleidsludeild
Groa Fridgeirsdottir,6043,hjukrunarfraedingur framhaldsskolakennari,Reykjavik,Groa,Fridgeirsdottir,+354 555-6757,+354 567-8905,+354 867-1184,GroFri,Framleidsludeild
Gudbrandur olafsson,6857,saudfjarbondi,Dalabyggd,Gudbrandur,olafsson,+354 555-2252,+354 567-8375,+354 867-9572,Gudola,Framleidsludeild
Gudfinna Halla torvaldsdottir,4701,salfraedingur framkvaemdastjori Salfraedingafelags islands,Reykjavik,Gudfinna Halla,torvaldsdottir,+354 555-3719,+354 567-8117,+354 867-6053,Gudtor,Framleidsludeild
Gudjon olafur Sigurbjartsson,7473,atvinnurekandi,Reykjavik,Gudjon olafur,Sigurbjartsson,+354 555-3400,+354 567-9134,+354 867-7094,GudoSig,Framleidsludeild
Gudjon Sigurdsson,9486,formadur MND felagsins,Hafnarfirdi,Gudjon,Sigurdsson,+354 555-4209,+354 567-8058,+354 867-2990,GudSig,Framleidsludeild
Gudjon Ingvi Stefansson,8386,verkfraedingur,Reykjavik,Gudjon Ingvi,Stefansson,+354 555-3742,+354 567-9078,+354 867-9889,GudSte,Framleidsludeild
Gudlaug Kristjansdottir,6373,sjukratjalfari formadur BHM,Hafnarfirdi,Gudlaug,Kristjansdottir,+354 555-5562,+354 567-9021,+354 867-1506,GudKri,Framleidsludeild
Gudlaugur Orri Gislason,7803,stjornmalafraedingur,Svf. olfusi,Gudlaugur Orri,Gislason,+354 555-3772,+354 567-9359,+354 867-1066,GudOGis,Framleidsludeild
Gudmar Ragnar Stefansson,2985,jarnsmidur smidur,Fljotsdalsheradi,Gudmar Ragnar,Stefansson,+354 555-6734,+354 567-9429,+354 867-3992,GudRSte,Framleidsludeild
Gudmundur agustsson,9629,logmadur,Reykjavik,Gudmundur,agustsson,+354 555-5971,+354 567-9714,+354 867-5997,Gudagu,Framleidsludeild
Gudmundur arnason,4734,hotelrekstrarfraedingur,Akureyri,Gudmundur,arnason,+354 555-5166,+354 567-8793,+354 867-5335,Gudarn,Framleidsludeild
Gudmundur B. Fridriksson,6065,skrifstofustjori,Reykjavik,Gudmundur B.,Fridriksson,+354 555-9701,+354 567-9491,+354 867-6893,GudFri,Framleidsludeild
Gudmundur Gislason,7792,verkefnastjori,Seltjarnarnesi,Gudmundur,Gislason,+354 555-4193,+354 567-8068,+354 867-1852,GudGis,Framleidsludeild
Gudmundur Gudlaugsson,8892,fv. sveitarstjori,Svf. Skagafirdi,Gudmundur,Gudlaugsson,+354 555-4905,+354 567-9918,+354 867-1383,GudGud,Framleidsludeild
Gudmundur Runar Gudlaugsson,8045,rekstrarfraedingur,Reykjavik,Gudmundur Runar,Gudlaugsson,+354 555-3544,+354 567-9867,+354 867-2077,GudRGud,Framleidsludeild
Gudmundur Gunnarsson,7825,formadur Rafidnadarsambands islands,Reykjavik,Gudmundur,Gunnarsson,+354 555-3002,+354 567-9259,+354 867-6987,GudGun,Framleidsludeild
Gudmundur S. Johnsen,6439,framkvaemdastjori,Gardabae,Gudmundur S.,Johnsen,+354 555-5208,+354 567-8306,+354 867-7299,GudJoh,Framleidsludeild
Gudmundur Jonsson,4778,bondi,Mosfellsbae,Gudmundur,Jonsson,+354 555-8272,+354 567-9821,+354 867-9877,GudJon,Framleidsludeild
Gudmundur R Ludviksson,5229,myndlistarmadur,Reykjanesbae,Gudmundur R,Ludviksson,+354 555-4121,+354 567-8127,+354 867-8761,GudLud,Framleidsludeild
Gudmundur Vignir oskarsson,7913,verkefnastjori framkvaemda- og eignasvids Reykjavikurborgar,Reykjavik,Gudmundur Vignir,oskarsson,+354 555-1207,+354 567-9965,+354 867-9670,Gudosk,Framleidsludeild
Gudmundur Palsson,2391,heimilislaeknir,Reykjavik,Gudmundur,Palsson,+354 555-1752,+354 567-9700,+354 867-3316,GudPal,Framleidsludeild
Gudmundur orn Ragnarsson,3326,kerfisfraedingur,Seltjarnarnesi,Gudmundur orn,Ragnarsson,+354 555-3641,+354 567-9284,+354 867-7071,GudRag,Framleidsludeild
Gudni Karl Hardarson,7396,oryggisvordur i Mjodd,Reykjavik,Gudni Karl,Hardarson,+354 555-8771,+354 567-9496,+354 867-6680,GudHar,Framleidsludeild
Gudrun Gudlaugsdottir,8837,bladamadur ritofundur,Kopavogi,Gudrun,Gudlaugsdottir,+354 555-8781,+354 567-9081,+354 867-6815,GudrGudl,Framleidsludeild
Gudrun Helgadottir,2721,haskolakennari,Svf. Skagafirdi,Gudrun,Helgadottir,+354 555-5388,+354 567-8489,+354 867-4838,GudHel,Framleidsludeild
Gudrun Hognadottir,6219,framkvaemdastjori Opna haskolans i HR,Gardabae,Gudrun,Hognadottir,+354 555-7093,+354 567-9290,+354 867-6522,GudHog,Framleidsludeild
Gudrun Bryndis Karlsdottir,4052,M.Sc. nemi i verkfraedi radgjafarstorf,Reykjavik,Gudrun Bryndis,Karlsdottir,+354 555-8336,+354 567-8347,+354 867-8318,GudKar,Framleidsludeild
Gudrun Lilja Magnusdottir,2138,meistaranemi,Reykjavik,Gudrun Lilja,Magnusdottir,+354 555-9666,+354 567-8377,+354 867-6578,GudMag,Framleidsludeild
Gunnar Grimsson,5878,vidmotshonnudur,Reykjavik,Gunnar,Grimsson,+354 555-8834,+354 567-8267,+354 867-7445,GunGri,Framleidsludeild
Gunnar tor Gunnarsson,9882,atvinnurekandi,Reykjavik,Gunnar tor,Gunnarsson,+354 555-3621,+354 567-9849,+354 867-8029,GunGun,Framleidsludeild
Gunnar olafsson,5207,loggiltur fasteignasali,Reykjavik,Gunnar,olafsson,+354 555-6112,+354 567-9385,+354 867-8991,Gunola,Framleidsludeild
Gunnar Jon olafsson,3458,slokkvilids- og sjukraflutningsmadur,Reykjanesbae,Gunnar Jon,olafsson,+354 555-9188,+354 567-9864,+354 867-1833,GunJola,Framleidsludeild
Gunnar Hersveinn Sigursteinsson,6527,ritofundur,Reykjavik,Gunnar Hersveinn,Sigursteinsson,+354 555-5957,+354 567-9731,+354 867-7335,GunSig,Framleidsludeild
Gunnar orn Stefansson,7781,forritari,Reykjavik,Gunnar orn,Stefansson,+354 555-8960,+354 567-8551,+354 867-9231,GunSte,Framleidsludeild
Gunnar tordarson,3656,radgjafi,isafjardarbae,Gunnar,tordarson,+354 555-9971,+354 567-9578,+354 867-7310,Guntor,Framleidsludeild
Gunnlaugur olafsson Johnson,5306,arkitekt,Mosfellsbae,Gunnlaugur olafsson,Johnson,+354 555-4590,+354 567-9986,+354 867-6704,GunJoh,Framleidsludeild
Guttormur torsteinsson,2677,nemi,Reykjavik,Guttormur,torsteinsson,+354 555-8659,+354 567-9730,+354 867-1923,Guttor,Framleidsludeild
Gylfi Gardarsson,6626,skrifstofumadur,Reykjavik,Gylfi,Gardarsson,+354 555-4296,+354 567-8980,+354 867-6802,GylGar,Framleidsludeild
Halla Bjorg Evans,4305,logfraedingur,Kopavogi,Halla Bjorg,Evans,+354 555-4241,+354 567-9503,+354 867-3450,HalEva,Framleidsludeild
Halla Margret Johannesdottir,5163,leikari,Reykjavik,Halla Margret,Johannesdottir,+354 555-9869,+354 567-8164,+354 867-2815,HalJoh,Framleidsludeild
Halldor torkell Gudjonsson,4294,eftirlaunategi,Reykjavik,Halldor torkell,Gudjonsson,+354 555-8809,+354 567-8862,+354 867-7045,HalGud,Framleidsludeild
Halldor Gretar Gunnarsson,6318,islendingur,Hafnarfirdi,Halldor Gretar,Gunnarsson,+354 555-7836,+354 567-8500,+354 867-9481,HalGun,Framleidsludeild
Halldor Jonsson,5097,verkfraedingur,Kopavogi,Halldor,Jonsson,+354 555-2904,+354 567-9038,+354 867-9966,HalJon,Framleidsludeild
Halldor Nikulas Larusson,7539,verkefnisstjori,Gardabae,Halldor Nikulas,Larusson,+354 555-8761,+354 567-9844,+354 867-3853,HalLar,Framleidsludeild
Halldora Adalsteinsdottir,7429,logfraedingur,Reykjanesbae,Halldora,Adalsteinsdottir,+354 555-4827,+354 567-9499,+354 867-3046,HalAda,Framleidsludeild
Halldora Gudrun Hinriksdottir,3942,forstodumadur,Hafnarfirdi,Halldora Gudrun,Hinriksdottir,+354 555-5855,+354 567-8903,+354 867-2478,HalHin,Framleidsludeild
Halldora Kristin toroddsen,9673,kennari ritofundur,Reykjavik,Halldora Kristin,toroddsen,+354 555-1615,+354 567-8004,+354 867-3625,Halto,Framleidsludeild
Hallur Magnusson,9541,sjalfstaedur radgjafi,Reykjavik,Hallur,Magnusson,+354 555-9430,+354 567-9287,+354 867-3855,HalMag,Framleidsludeild
Hannes Pall Palsson,9508,honnudur og framleidandi hja Sagafilm,Reykjavik,Hannes Pall,Palsson,+354 555-1495,+354 567-8194,+354 867-8748,HanPal,Framleidsludeild
Hans Benjaminsson,8683,almannatengill,Hafnarfirdi,Hans,Benjaminsson,+354 555-6271,+354 567-9903,+354 867-1386,HanBen,Framleidsludeild
Hans Gustafsson,6835,kerfisstjori,Reykjavik,Hans,Gustafsson,+354 555-8046,+354 567-9593,+354 867-1677,HanGus,Framleidsludeild
Hans Guttormur tormar,5625,framkvaemdastjori,Reykjavik,Hans Guttormur,tormar,+354 555-9197,+354 567-8532,+354 867-3345,Hantor,Framleidsludeild
Harald Sigurbjorn Holsvik,4228,vakt- og vardstjori hja Landhelgisgaeslu islands,Mosfellsbae,Harald Sigurbjorn,Holsvik,+354 555-8000,+354 567-8003,+354 867-1349,HarHol,Framleidsludeild
Haraldur arnason,9662,oryrki,Reykjavik,Haraldur,arnason,+354 555-5003,+354 567-8847,+354 867-6340,Hararn,Framleidsludeild
Haraldur Ingvarsson,3997,arkitekt,Kopavogi,Haraldur,Ingvarsson,+354 555-6040,+354 567-8818,+354 867-8049,HarIng,Framleidsludeild
Harpa Hronn Frankelsdottir,5548,stjornmalafraedingur,Reykjavik,Harpa Hronn,Frankelsdottir,+354 555-8975,+354 567-8740,+354 867-2034,HarFra,Framleidsludeild
Harpa Hauksdottir,6824,framkvaemdastjori,Reykjavik,Harpa,Hauksdottir,+354 555-6520,+354 567-8881,+354 867-1383,HarHau,Framleidsludeild
Haukur Arntorsson,4503,sjalfstaett starfandi serfraedingur,Reykjavik,Haukur,Arntorsson,+354 555-4462,+354 567-9495,+354 867-9250,HauArn,Framleidsludeild
Haukur Halldorsson,4085,bondi,Svalbardsstrandarhreppi,Haukur,Halldorsson,+354 555-9753,+354 567-9040,+354 867-8824,HauHal,Framleidsludeild
Haukur Mar Haraldsson,7902,framhaldsskolakennari,Reykjavik,Haukur Mar,Haraldsson,+354 555-5673,+354 567-8933,+354 867-7083,HauHar,Framleidsludeild
Haukur Nikulasson,8518,radgjafi,Reykjavik,Haukur,Nikulasson,+354 555-9326,+354 567-8413,+354 867-1651,HauNik,Framleidsludeild
Helga Baldvinsd. Bjargardottir,6879,troskatjalfi logfraedingur MA-nemi,Reykjavik,Helga Baldvinsd.,Bjargardottir,+354 555-6849,+354 567-9238,+354 867-5288,HelBja,Framleidsludeild
Helga Bjork Magnusdottir Gretudottir,7198,oryrki tonlistarkennari,Reykjavik,Helga Bjork,Magnusdottir Gretudottir,+354 555-8430,+354 567-8640,+354 867-5405,HelMag,Framleidsludeild
Helga Sigurjonsdottir,8496,tolvunarfraedingur,Seltjarnarnesi,Helga,Sigurjonsdottir,+354 555-8785,+354 567-8655,+354 867-8264,HelSig,Framleidsludeild
Helgi Helgason,2281,stjornmalafraedingur,Kopavogi,Helgi,Helgason,+354 555-4618,+354 567-9737,+354 867-5817,HelHel,Framleidsludeild
Herbert Snorrason,5284,student,isafjardarbae,Herbert,Snorrason,+354 555-3369,+354 567-9604,+354 867-7094,HerSno,Framleidsludeild
Herdis Drofn Baldvinsdottir,6384,verkefnastjori,Lancashire Bretlandi,Herdis Drofn,Baldvinsdottir,+354 555-5800,+354 567-8846,+354 867-8101,HerBal,Framleidsludeild
Hildigunnur Sverrisdottir,3238,arkitekt stundakennari vid LHi HR og Prisma,Reykjavik,Hildigunnur,Sverrisdottir,+354 555-7841,+354 567-8859,+354 867-7588,HilSve,Framleidsludeild
Hildur Bjorg Gunnarsdottir,7693,nemi,Seltjarnarnesi,Hildur Bjorg,Gunnarsdottir,+354 555-8410,+354 567-8304,+354 867-9592,HilGun,Framleidsludeild
Hildur yr isberg,9783,islenskunemi vid Haskola islands,Reykjavik,Hildur yr,isberg,+354 555-6674,+354 567-8383,+354 867-5369,Hilisb,Framleidsludeild
Hjalti Hrafn Haftorsson,6593,nemi,Reykjavik,Hjalti Hrafn,Haftorsson,+354 555-9128,+354 567-8470,+354 867-5735,HjaHaf,Framleidsludeild
Hjalti Hugason,7132,professor,Reykjavik,Hjalti,Hugason,+354 555-8001,+354 567-9740,+354 867-4745,HjaHug,Framleidsludeild
Hjalmtyr V. Heiddal,9376,kvikmyndagerdarmadur,Reykjavik,Hjalmtyr V.,Heiddal,+354 555-7930,+354 567-8759,+354 867-2097,HjaHei,Framleidsludeild
Hjortur Hjartarson,3304,kynningarstjori Stadlarads islands,Reykjavik,Hjortur,Hjartarson,+354 555-7353,+354 567-8251,+354 867-2113,HjoHja,Framleidsludeild
Hjortur Palsson,6604,ritofundur,Kopavogi,Hjortur,Palsson,+354 555-2207,+354 567-9873,+354 867-7553,HjoPal,Framleidsludeild
Hjortur Smarason,9618,radgjafi,Hafnarfirdi,Hjortur,Smarason,+354 555-4805,+354 567-9718,+354 867-1716,HjoSma,Framleidsludeild
Hjorvar Petursson,3502,liffraedingur,Tübingen tyskalandi,Hjorvar,Petursson,+354 555-6336,+354 567-9674,+354 867-4934,HjoPet,Framleidsludeild
Hlin Agnarsdottir,6109,ritofundur leikstjori,Reykjavik,Hlin,Agnarsdottir,+354 555-8342,+354 567-8080,+354 867-1902,HliAgn,Framleidsludeild
Hrafn Gunnlaugsson,9937,kvikmyndaleikstjori,Reykjavik,Hrafn,Gunnlaugsson,+354 555-6174,+354 567-8270,+354 867-6656,HraGun,Framleidsludeild
Hrafn Sveinbjarnarson,4173,skjalavordur,Reykjavik,Hrafn,Sveinbjarnarson,+354 555-2151,+354 567-9563,+354 867-2704,HraSve,Framleidsludeild
Hrefna Bryndis Jonsdottir,4074,framkvaemdastjori,Borgarbyggd,Hrefna Bryndis,Jonsdottir,+354 555-9875,+354 567-9932,+354 867-2888,HreJon,Framleidsludeild
Hreinn Palsson,2886,adalraedismadur islands i Sjanghae Kina,Reykjavik,Hreinn,Palsson,+354 555-6048,+354 567-9470,+354 867-6712,HrePal,Framleidsludeild
Hronn Kristinsdottir,2479,kvikmyndaframleidandi,Reykjavik,Hronn,Kristinsdottir,+354 555-3347,+354 567-8287,+354 867-4813,HroKri,Framleidsludeild
Hulda osp Atladottir,8452,i faedingarorlofi,Hafnarfirdi,Hulda osp,Atladottir,+354 555-6148,+354 567-8087,+354 867-1331,HulAtl,Framleidsludeild
Huni Heidar Hallsson,5713,logfraedingur,Akureyri,Huni Heidar,Hallsson,+354 555-6938,+354 567-8932,+354 867-8289,HunHal,Framleidsludeild
Ian Watson,5669,lektor,Reykjavik,Ian,Watson,+354 555-2684,+354 567-8539,+354 867-3343,IanWat,Framleidsludeild
Idunn Gudjonsdottir,9794,nemi rikisstarfsmadur,Reykjavik,Idunn,Gudjonsdottir,+354 555-2094,+354 567-8372,+354 867-6546,IduGud,Framleidsludeild
Illugi Jokulsson,9948,bladamadur,Reykjavik,Illugi,Jokulsson,+354 555-7155,+354 567-9810,+354 867-5956,IllJok,Framleidsludeild
Indro Indridi Candi,3964,arkitekt,Kopavogi,Indro Indridi,Candi,+354 555-3756,+354 567-9362,+354 867-3079,IndCan,Framleidsludeild
Inga Ros Baldursdottir,8573,vidskiptafraedingur B.Sc.,Reykjanesbae,Inga Ros,Baldursdottir,+354 555-3374,+354 567-9979,+354 867-8250,IngBal,Framleidsludeild
Inga Lind Karlsdottir,8749,fjolmidlamadur haskolanemi,Gardabae,Inga Lind,Karlsdottir,+354 555-7378,+354 567-9386,+354 867-3185,IngKar,Framleidsludeild
Inga Kristin Kjartansdottir,9651,serfraedingur,Reykjavik,Inga Kristin,Kjartansdottir,+354 555-5110,+354 567-8114,+354 867-4388,IngKja,Framleidsludeild
Inga Jona torisdottir,3106,heimavinnandi,Reykjavik,Inga Jona,torisdottir,+354 555-8453,+354 567-9425,+354 867-3940,Ingtor,Framleidsludeild
Ingi Baeringsson,9981,solumadur,Kopavogi,Ingi,Baeringsson,+354 555-4407,+354 567-9696,+354 867-7281,IngBaer,Framleidsludeild
Ingi Hans Jonsson,3392,forstodumadur,Grundarfjardarbae,Ingi Hans,Jonsson,+354 555-1091,+354 567-8627,+354 867-8116,IngJon,Framleidsludeild
Ingibjorg Danielsdottir,7253,tjonustufulltrui hja Vegagerdarinni,isafjardarbae,Ingibjorg,Danielsdottir,+354 555-1964,+354 567-9877,+354 867-5455,IngDan,Framleidsludeild
Ingibjorg Snorradottir Hagalin,8034,husmodir,isafjardarbae,Ingibjorg Snorradottir,Hagalin,+354 555-4069,+354 567-9597,+354 867-4713,IngHag,Framleidsludeild
iris Arnlaugsdottir,8859,stjornmalafraedingur,Reykjavik,iris,Arnlaugsdottir,+354 555-5086,+354 567-9033,+354 867-8608,iriArn,Framleidsludeild
iris Egilsdottir,4360,meistaranemi i logfraedi,Akureyri,iris,Egilsdottir,+354 555-9190,+354 567-8389,+354 867-8849,iriEgi,Framleidsludeild
iris Erlingsdottir,7968,fjolmidlafraedingur,Kopavogi,iris,Erlingsdottir,+354 555-9341,+354 567-9071,+354 867-4912,iriErl,Framleidsludeild
iris Lind Saemundsdottir,5108,logfraedingur,Reykjavik,iris Lind,Saemundsdottir,+354 555-5323,+354 567-9135,+354 867-4863,iriSaem,Framleidsludeild
iris torarinsdottir,7231,grunnskolakennari,Reykjanesbae,iris,torarinsdottir,+354 555-1443,+354 567-9075,+354 867-8575,iritor,Framleidsludeild
isleifur Fridriksson,8331,tusundtjalasmidur rekstrarfulltrui hja iTR,Seltjarnarnesi,isleifur,Fridriksson,+354 555-9073,+354 567-8245,+354 867-6509,islFri,Framleidsludeild
Jakobina Ingunn olafsdottir,7319,stjornsyslufraedingur,Reykjavik,Jakobina Ingunn,olafsdottir,+354 555-7551,+354 567-9391,+354 867-3615,Jakola,Framleidsludeild
Jakobina Edda Sigurdardottir,4525,framkvaemdastjori sjukratjalfari,Reykjavik,Jakobina Edda,Sigurdardottir,+354 555-1658,+354 567-9230,+354 867-4134,JakSig,Framleidsludeild
Jan Eric Jessen,7165,namsmadur,Akureyri,Jan Eric,Jessen,+354 555-9803,+354 567-8013,+354 867-4003,JanJes,Framleidsludeild
Johann Runar Bjorgvinsson,5889,hagfraedingur,Reykjavik,Johann Runar,Bjorgvinsson,+354 555-7030,+354 567-8802,+354 867-2876,JohBjo,Framleidsludeild
Johann Gunnarsson,8562,fv. skipstjori,Akureyri,Johann,Gunnarsson,+354 555-4877,+354 567-9212,+354 867-6963,JohGun,Framleidsludeild
Johann Halldorsson,5801,haestarettarlogmadur,Gardabae,Johann,Halldorsson,+354 555-2325,+354 567-9024,+354 867-3466,JohHal,Framleidsludeild
Johann Johannsson,9728,,Reykjavik,Johann,Johannsson,+354 555-5786,+354 567-9331,+354 867-8597,JohJoh,Framleidsludeild
Johann olafsson,8265,kerfisfraedingur,Reykjavik,Johann,olafsson,+354 555-3296,+354 567-9686,+354 867-1616,Johola,Framleidsludeild
Johann Hjalti torsteinsson,2149,sagnfraedingur,Fljotsdalshreppi,Johann Hjalti,torsteinsson,+354 555-3288,+354 567-9602,+354 867-6351,Johtor,Framleidsludeild
Johanna Gudmundsdottir,5317,loggiltur fasteignasali,Reykjanesbae,Johanna,Gudmundsdottir,+354 555-5864,+354 567-9629,+354 867-8003,JohGud,Framleidsludeild
Johanna Heiddal Sigurdardottir,3425,B.Sc. vidskiptalogfraedi,Kopavogi,Johanna Heiddal,Sigurdardottir,+354 555-9347,+354 567-9823,+354 867-8720,JohSig,Framleidsludeild
Johannes Jonsson,7605,nemi,Reykjavik,Johannes,Jonsson,+354 555-6791,+354 567-9399,+354 867-9200,JohJon,Framleidsludeild
Johannes tor Skulason,8419,grunnskolakennari,Hafnarfirdi,Johannes tor,Skulason,+354 555-7572,+354 567-9655,+354 867-2380,JohSku,Framleidsludeild
Jon Gunnar Benjaminsson,7385,frumkvodull,Eyjafjardarsveit,Jon Gunnar,Benjaminsson,+354 555-1063,+354 567-9994,+354 867-2200,JonBen,Framleidsludeild
Jon Bjarni Bjarnason,5394,kennari marktjalfi,Hafnarfirdi,Jon Bjarni,Bjarnason,+354 555-7564,+354 567-9201,+354 867-7930,JonBBja,Framleidsludeild
Jon Josef Bjarnason,5042,radgjafi,Mosfellsbae,Jon Josef,Bjarnason,+354 555-1974,+354 567-9926,+354 867-6030,JonJBja,Framleidsludeild
Jon Benedikt Bjornsson,8243,salfraedingur ritofundur,Kopavogi,Jon Benedikt,Bjornsson,+354 555-8674,+354 567-9295,+354 867-4031,JonBjo,Framleidsludeild
Jon Einar Haraldsson,2182,kennari namsradgjafi,Akureyri,Jon Einar,Haraldsson,+354 555-3741,+354 567-8297,+354 867-4872,JonHar,Framleidsludeild
Jon torvaldur Heidarsson,6538,lektor,Akureyri,Jon torvaldur,Heidarsson,+354 555-9736,+354 567-8298,+354 867-1551,JonHei,Framleidsludeild
Jon Valur Jensson,8804,gudfraedingur profarkalesari,Reykjavik,Jon Valur,Jensson,+354 555-9511,+354 567-9352,+354 867-2448,JonJen,Framleidsludeild
Jon Bjarni Jonsson,2094,framkvaemdastjori,Gardabae,Jon Bjarni,Jonsson,+354 555-2095,+354 567-8237,+354 867-9370,JonBJon,Framleidsludeild
Jon toroddur Jonsson,5416,fjarskiptaverkfraedingur,Reykjavik,Jon toroddur,Jonsson,+354 555-8313,+354 567-9697,+354 867-4360,JonJon,Framleidsludeild
Jon Hermann Karlsson,6296,vidskiptafraedingur,Reykjavik,Jon Hermann,Karlsson,+354 555-3974,+354 567-8118,+354 867-9525,JonKar,Framleidsludeild
Jon Petur Lindal,6791,verktaki,Skorradalshreppi,Jon Petur,Lindal,+354 555-9956,+354 567-9569,+354 867-6236,JonLin,Framleidsludeild
Jon olafsson,7671,professor,Reykjavik,Jon,olafsson,+354 555-5964,+354 567-9015,+354 867-2115,Jonola,Framleidsludeild
Jon Palmar Ragnarsson,2446,stjornmalafraedingur,Baejarhreppi,Jon Palmar,Ragnarsson,+354 555-8428,+354 567-9588,+354 867-5298,JonRag,Framleidsludeild
Jon torsteinn Sigurdsson,3216,troskatjalfanemi,Seltjarnarnesi,Jon torsteinn,Sigurdsson,+354 555-2598,+354 567-9199,+354 867-8269,JonSig,Framleidsludeild
Jon Axel Svavarsson,9959,nemi,Akranesi,Jon Axel,Svavarsson,+354 555-9375,+354 567-9827,+354 867-7064,JonSva,Framleidsludeild
Jon Steindor Valdimarsson,2314,logfraedingur,Reykjavik,Jon Steindor,Valdimarsson,+354 555-7223,+354 567-8514,+354 867-2911,JonVal,Framleidsludeild
Jon tor torgeirsson,9475,vidskiptafraedingur verkfraedingur,Kopavogi,Jon tor,torgeirsson,+354 555-8410,+354 567-8776,+354 867-8767,Jontor,Framleidsludeild
Jona Solveig Elinardottir,4217,meistaranemi i altjodasamskiptum,Reykjavik,Jona Solveig,Elinardottir,+354 555-5275,+354 567-9751,+354 867-6303,JonEli,Framleidsludeild
Jonas Petur Hreinsson,7154,idnrekstrarfraedingur,Reykjavik,Jonas Petur,Hreinsson,+354 555-3228,+354 567-9700,+354 867-9248,JonHre,Framleidsludeild
Jonas Kristjansson,9915,ritstjori,Seltjarnarnesi,Jonas,Kristjansson,+354 555-4157,+354 567-9719,+354 867-9225,JonKri,Framleidsludeild
Jonas Tryggvason,4129,framkvaemdastjori,Reykjavik,Jonas,Tryggvason,+354 555-8367,+354 567-8465,+354 867-9492,JonTry,Framleidsludeild
Jonina Bjartmarz,8287,logfraedingur atafnakona,Reykjavik,Jonina,Bjartmarz,+354 555-5283,+354 567-8565,+354 867-3406,JonBja,Framleidsludeild
Jonina olafsdottir,4624,landfraedingur,Reykjavik,Jonina,olafsdottir,+354 555-4594,+354 567-9958,+354 867-7325,Joniola,Framleidsludeild
Jorunn Edda Helgadottir,3205,meistaranemi i altjoda- og samanburdarlogfraedi,Reykjavik,Jorunn Edda,Helgadottir,+354 555-9532,+354 567-8875,+354 867-2220,JorHel,Framleidsludeild
Juliana Gudmundsdottir,6637,verkefnisstjori,Reykjavik,Juliana,Gudmundsdottir,+354 555-5215,+354 567-9402,+354 867-9979,JulGud,Framleidsludeild
Julius Solnes,8782,verkfraedingur,Reykjavik,Julius,Solnes,+354 555-4689,+354 567-9646,+354 867-8175,JulSol,Framleidsludeild
Jokull Arngeir Gudmundsson,2578,eldri borgari malmidnadarmadur,Akureyri,Jokull Arngeir,Gudmundsson,+354 555-8220,+354 567-9666,+354 867-3843,JokGud,Framleidsludeild
Jormundur Ingi Hansen,3414,Reykjavikurgodi,Reykjavik,Jormundur Ingi,Hansen,+354 555-5428,+354 567-9459,+354 867-6037,JorHan,Framleidsludeild
Karen Elisabet Halldorsdottir,6615,varabaejarfulltrui i Kopavogi,Kopavogi,Karen Elisabet,Halldorsdottir,+354 555-8515,+354 567-8924,+354 867-7351,KarHal,Framleidsludeild
Karl Larus Hjaltested,2523,hafnarvordur,Reykjavik,Karl Larus,Hjaltested,+354 555-2275,+354 567-8724,+354 867-2400,KarHja,Framleidsludeild
Katrin Fjeldsted,7715,laeknir,Reykjavik,Katrin,Fjeldsted,+354 555-9786,+354 567-9932,+354 867-4974,KatFje,Framleidsludeild
Katrin Oddsdottir,8463,logfraedingur,Reykjavik,Katrin,Oddsdottir,+354 555-6490,+354 567-8782,+354 867-2535,KatOdd,Framleidsludeild
Katrin Sigurdardottir,5691,geislafraedingur formadur Felags geislafraedinga,Mosfellsbae,Katrin,Sigurdardottir,+354 555-4358,+354 567-8307,+354 867-3288,KatSig,Framleidsludeild
Kari Allansson,9145,tonlistarmadur nemi,Reykjavik,Kari,Allansson,+354 555-2413,+354 567-9968,+354 867-9815,KarAll,Framleidsludeild
Kjartan Hjorvar,4272,fjarskiptaverkfraedingur,Reykjavik,Kjartan,Hjorvar,+354 555-9919,+354 567-8077,+354 867-7226,KjaHjo,Framleidsludeild
Kjartan Jonsson,9387,tydandi framkvaemdastjori Multikulti,Reykjavik,Kjartan,Jonsson,+354 555-8212,+354 567-8701,+354 867-8242,KjaJon,Framleidsludeild
Kjartan Ragnarsson,3667,forstodumadur,Borgarbyggd,Kjartan,Ragnarsson,+354 555-8940,+354 567-9591,+354 867-1899,KjaRag,Framleidsludeild
Kjartan tor Ragnarsson,6802,framhaldsskolakennari,Reykjavik,Kjartan tor,Ragnarsson,+354 555-2317,+354 567-9421,+354 867-7097,KjatRag,Framleidsludeild
Kjartan Sigurgeirsson,4998,kerfisfraedingur,Kopavogi,Kjartan,Sigurgeirsson,+354 555-5581,+354 567-8622,+354 867-8177,KjaSig,Framleidsludeild
Kolbeinn Adalsteinsson,7143,liftaeknifraedingur gaedastjori,Fjallabyggd,Kolbeinn,Adalsteinsson,+354 555-6103,+354 567-8056,+354 867-5509,KolAda,Framleidsludeild
Kolbrun Baldursdottir,4712,salfraedingur,Reykjavik,Kolbrun,Baldursdottir,+354 555-2611,+354 567-9319,+354 867-6940,KolBal,Framleidsludeild
Kolbrun Anna Bjornsdottir,2204,leikari kennari hofundur,Kopavogi,Kolbrun Anna,Bjornsdottir,+354 555-5001,+354 567-9063,+354 867-3296,KolBjo,Framleidsludeild
Kolbrun Karlsdottir,4756,heimavinnandi,Svf. arborg,Kolbrun,Karlsdottir,+354 555-9588,+354 567-9290,+354 867-4368,KolKar,Framleidsludeild
Kristbjorg torisdottir,6582,kandidatsnemi i salfraedi,Mosfellsbae,Kristbjorg,torisdottir,+354 555-7346,+354 567-9652,+354 867-8652,Kritor,Framleidsludeild
Kristbjorn Helgi Bjornsson,4536,sagnfraedingur,Hafnarfirdi,Kristbjorn Helgi,Bjornsson,+354 555-8586,+354 567-8840,+354 867-1313,KriBjo,Framleidsludeild
Kristinn Dagur Gissurarson,7847,milli starfa,Kopavogi,Kristinn Dagur,Gissurarson,+354 555-7779,+354 567-8135,+354 867-6431,KriGis,Framleidsludeild
Kristinn Hannesson,5493,rafvirki,Reykjavik,Kristinn,Hannesson,+354 555-6901,+354 567-9688,+354 867-7448,KriHan,Framleidsludeild
Kristinn Bjorn Valdimarsson,5856,felagslidi,Seydisfirdi,Kristinn Bjorn,Valdimarsson,+354 555-7017,+354 567-9739,+354 867-8842,KriVal,Framleidsludeild
Kristin Erna Arnardottir,4789,verkefnastjori,Reykjavik,Kristin Erna,Arnardottir,+354 555-3069,+354 567-9545,+354 867-2074,KriArn,Framleidsludeild
Kristin Elfa Gudnadottir,6934,utgafustjori,Reykjavik,Kristin Elfa,Gudnadottir,+354 555-6107,+354 567-9408,+354 867-1190,KriGud,Framleidsludeild
Kristin Jonsdottir,9013,skrifstofustjori,Reykjavik,Kristin,Jonsdottir,+354 555-4582,+354 567-9324,+354 867-8784,KriJon,Framleidsludeild
Kristin Vala Ragnarsdottir,8507,svidsforseti i Hi,Reykjavik,Kristin Vala,Ragnarsdottir,+354 555-9508,+354 567-8953,+354 867-6022,KriRag,Framleidsludeild
Kristjan Ingvarsson,3095,verkfraedingur,Seltjarnarnesi,Kristjan,Ingvarsson,+354 555-1751,+354 567-9111,+354 867-1644,KriIng,Framleidsludeild
Kristjan Vigfusson,9684,kennari vid Haskolann i Reykjavik,Reykjavik,Kristjan,Vigfusson,+354 555-2670,+354 567-9447,+354 867-1290,KriVig,Framleidsludeild
Kristofer Mar Kristinsson,2941,kennari,Reykjavik,Kristofer Mar,Kristinsson,+354 555-3851,+354 567-8303,+354 867-2377,KriKri,Framleidsludeild
Lara oskarsdottir,6406,Dale Carnegie tjalfari,Reykjavik,Lara,oskarsdottir,+354 555-9159,+354 567-9622,+354 867-5716,Laraosk,Framleidsludeild
Larus Eliasson,3447,framkvaemdastjori,Reykjavik,Larus,Eliasson,+354 555-4125,+354 567-8661,+354 867-5502,LarEli,Framleidsludeild
Larus Jon Gudmundsson,8672,verkefnisstjori,Hafnarfirdi,Larus Jon,Gudmundsson,+354 555-2256,+354 567-8660,+354 867-2200,LarGud,Framleidsludeild
Larus ymir oskarsson,6395,leikstjori,Reykjavik,Larus ymir,oskarsson,+354 555-6300,+354 567-8451,+354 867-1021,Larosk,Framleidsludeild
Leo E. Love,3227,haestarettarlogmadur,Reykjavik,Leo E.,Love,+354 555-8134,+354 567-8929,+354 867-6521,LeoLov,Framleidsludeild
Loftur Mar Sigurdsson,6274,vidskiptastjori,Reykjavik,Loftur Mar,Sigurdsson,+354 555-4319,+354 567-8787,+354 867-1335,LofSig,Framleidsludeild
Lovisa Arnardottir,7308,radgjafi hja UNICEF island,Reykjavik,Lovisa,Arnardottir,+354 555-4091,+354 567-9300,+354 867-4414,LovArn,Framleidsludeild
Loa Steinunn Kristjansdottir,8628,framhaldsskolakennari,Reykjavik,Loa Steinunn,Kristjansdottir,+354 555-2201,+354 567-8455,+354 867-5661,LoaKri,Framleidsludeild
Ludvig arni Gudmundsson,5603,laeknir,Kopavogi,Ludvig arni,Gudmundsson,+354 555-7643,+354 567-9900,+354 867-5344,LudGud,Framleidsludeild
Ludvig Larusson,7451,salfraedingur,Reykjavik,Ludvig,Larusson,+354 555-6391,+354 567-9294,+354 867-6158,LudLar,Framleidsludeild
Ludvik Emil Kaaber,5823,logfraedingur,Kopavogi,Ludvik Emil,Kaaber,+354 555-9039,+354 567-8915,+354 867-5109,LudKaa,Framleidsludeild
Lydur arnason,3876,laeknir kvikmyndagerdarmadur,Hafnarfirdi,Lydur,arnason,+354 555-2497,+354 567-9457,+354 867-9895,Lydarn,Framleidsludeild
Magnea Johanna Mattiasdottir,7682,tydandi,Reykjavik,Magnea Johanna,Mattiasdottir,+354 555-1181,+354 567-8303,+354 867-4186,MagMat,Framleidsludeild
Magni Hjalmarsson,7935,utgefandi,Svf. alftanesi,Magni,Hjalmarsson,+354 555-4547,+354 567-8733,+354 867-1965,MagHja,Framleidsludeild
Magnus Vikingur Grimsson,4239,forstjori,Kopavogi,Magnus Vikingur,Grimsson,+354 555-2082,+354 567-9573,+354 867-4720,MagGri,Framleidsludeild
Magnus Magnusson,7209,oryrki kvikmyndagerdamadur,Kopavogi,Magnus,Magnusson,+354 555-9553,+354 567-9245,+354 867-1993,MagMag,Framleidsludeild
Magnus oskarsson,3887,bilasali,Akranesi,Magnus,oskarsson,+354 555-7450,+354 567-9887,+354 867-7698,MagIosk,Framleidsludeild
Magnus Ingi oskarsson,3359,stofnandi forstodumadur,Hafnarfirdi,Magnus Ingi,oskarsson,+354 555-9793,+354 567-8155,+354 867-3263,Magosk,Framleidsludeild
Magnus toroddsen,5405,fv. haestarettarlogmadur,Reykjavik,Magnus,toroddsen,+354 555-7319,+354 567-8991,+354 867-1716,Magto,Framleidsludeild
Margret Cela,2534,doktorsnemi i altjodasamskiptum vid haskolann i Lapplandi,Reykjavik,Margret,Cela,+354 555-1289,+354 567-8082,+354 867-1072,MarCel,Framleidsludeild
Margret Dora Ragnarsdottir,4426,tolvunarfraedingur,Reykjavik,Margret Dora,Ragnarsdottir,+354 555-2005,+354 567-9504,+354 867-3998,MarRag,Framleidsludeild
Margret Jensina torvaldsdottir,3315,adjunkt vid Haskolann a Akureyri leikskolakennari,Akureyri,Margret Jensina,torvaldsdottir,+354 555-5442,+354 567-9924,+354 867-5508,Martor,Framleidsludeild
Maria agustsdottir,4635,prestur,Reykjavik,Maria,agustsdottir,+354 555-4035,+354 567-8053,+354 867-1868,Maragu,Framleidsludeild
Marianna Bergsteinsdottir,3953,dyralaeknir,Blaskogabyggd,Marianna,Bergsteinsdottir,+354 555-3820,+354 567-9984,+354 867-9493,MarBer,Framleidsludeild
Marin Ros Tumadottir,3931,stjornmalafraedingur,Reykjavik,Marin Ros,Tumadottir,+354 555-2547,+354 567-8322,+354 867-3965,MarTum,Framleidsludeild
Mani Arnarson,5834,verkfraedingur,Reykjavik,Mani,Arnarson,+354 555-2791,+354 567-9130,+354 867-1896,ManArn,Framleidsludeild
Mar Wolfgang Mixa,4041,fjarmalafraedingur,Hafnarfirdi,Mar Wolfgang,Mixa,+354 555-9011,+354 567-9136,+354 867-7412,MarMix,Framleidsludeild
Michele Rebora,3898,stjornunarradgjafi,Mosfellsbae,Michele,Rebora,+354 555-3830,+354 567-8073,+354 867-8982,MicReb,Framleidsludeild
Mikael Marlies Karlsson,3194,professor,Reykjavik,Mikael Marlies,Karlsson,+354 555-2677,+354 567-9954,+354 867-4208,MikKar,Framleidsludeild
Nils Erik Gislason,8474,taeknimadur,Reykjanesbae,Nils Erik,Gislason,+354 555-7180,+354 567-9891,+354 867-8803,NilGis,Framleidsludeild
Nina Bjorg Saemundsdottir,9409,vidskiptafraedingur,Kopavogi,Nina Bjorg,Saemundsdottir,+354 555-3638,+354 567-9467,+354 867-7823,NinSaem,Framleidsludeild
Njall Ragnarsson,2952,stjornmalafraedingur,Vestmannaeyjum,Njall,Ragnarsson,+354 555-3300,+354 567-9331,+354 867-2774,NjaRag,Framleidsludeild
Oddur Magnus Sigurdsson,6472,meistaranemi i logfraedi,Reykjavik,Oddur Magnus,Sigurdsson,+354 555-8095,+354 567-8146,+354 867-6993,OddSig,Framleidsludeild
Otto Hordur Gudmundsson,6659,vaktstjori,Reykjavik,Otto Hordur,Gudmundsson,+354 555-7829,+354 567-9450,+354 867-8094,OttGud,Framleidsludeild
olafur arni Halldorsson,5273,grafiskur honnudur BFA,Reykjanesbae,olafur arni,Halldorsson,+354 555-5218,+354 567-8145,+354 867-7924,olaHal,Framleidsludeild
olafur Hannibalsson,2259,bladamadur,Reykjavik,olafur,Hannibalsson,+354 555-5446,+354 567-8424,+354 867-8640,olaHan,Framleidsludeild
olafur orn Haraldsson,7924,tjodgardsvordur tingvollum,Reykjavik,olafur orn,Haraldsson,+354 555-5478,+354 567-8900,+354 867-9077,olaHar,Framleidsludeild
olafur Jakobsson,4558,taeknifraedingur,Akureyri,olafur,Jakobsson,+354 555-7308,+354 567-9757,+354 867-4825,olaJak,Framleidsludeild
olafur Jonsson,6769,vidskiptafraedingur,Reykjavik,olafur,Jonsson,+354 555-2930,+354 567-8595,+354 867-3739,olaJon,Framleidsludeild
olafur Johann Proppe,6351,fv. rektor Kennarahaskola islands,Svf. alftanesi,olafur Johann,Proppe,+354 555-4975,+354 567-8604,+354 867-2769,olaPro,Framleidsludeild
olafur Sigurdsson,8848,fv. varafrettastjori,Reykjavik,olafur,Sigurdsson,+354 555-5494,+354 567-8131,+354 867-6575,olaSig,Framleidsludeild
olafur Gunnar Sigurdsson,3128,kultursociolog,Reykjavik,olafur Gunnar,Sigurdsson,+354 555-6061,+354 567-9123,+354 867-5014,olaGSig,Framleidsludeild
olafur Mar Vilhjalmsson,4745,verslunarmadur,Akureyri,olafur Mar,Vilhjalmsson,+354 555-5579,+354 567-9200,+354 867-3275,olaVil,Framleidsludeild
olafur Torfi Yngvason,6186,nemandi,Kongens Lyngby Danmorku,olafur Torfi,Yngvason,+354 555-9468,+354 567-9937,+354 867-5956,olaYng,Framleidsludeild
oli Mar Aronsson,3491,velfraedingur,Rangartingi ytra,oli Mar,Aronsson,+354 555-7734,+354 567-8138,+354 867-9559,oliAro,Framleidsludeild
oli Gneisti Soleyjarson,4283,tjodfraedingur,Reykjavik,oli Gneisti,Soleyjarson,+354 555-2779,+354 567-8195,+354 867-8785,oliSol,Framleidsludeild
olina Freysteinsdottir,9574,verkefnastjori RHA,Akureyri,olina,Freysteinsdottir,+354 555-7222,+354 567-9021,+354 867-7874,oliFre,Framleidsludeild
omar torfinnur Ragnarsson,9365,fjolmidlamadur,Reykjavik,omar torfinnur,Ragnarsson,+354 555-7206,+354 567-8828,+354 867-5600,omaRag,Framleidsludeild
oskar isfeld Sigurdsson,2402,deildarstjori matvaelaeftirlits Reykjavikurborgar,Reykjavik,oskar isfeld,Sigurdsson,+354 555-1357,+354 567-8039,+354 867-4934,oskSig,Framleidsludeild
Patricia Anna tormar,8947,laganemi,Reykjavik,Patricia Anna,tormar,+354 555-2126,+354 567-8080,+354 867-1768,Pattor,Framleidsludeild
Pawel Bartoszek,9563,staerdfraedingur,Reykjavik,Pawel,Bartoszek,+354 555-5178,+354 567-9279,+354 867-9318,PawBar,Framleidsludeild
Pall I. Blondal Sigurbjornsson,4371,verkefnastjori hugbunadarlausna,Mosfellsbae,Pall I.,Blondal Sigurbjornsson,+354 555-7350,+354 567-9410,+354 867-2174,PalBlo,Framleidsludeild
Pall Rafnar torsteinsson,8232,doktorsnemi,Kaupmannahofn Danmorku,Pall Rafnar,torsteinsson,+354 555-7655,+354 567-8744,+354 867-1368,PalRtor,Framleidsludeild
Palmar torsteinsson,8738,nemi,Reykjavik,Palmar,torsteinsson,+354 555-2725,+354 567-9600,+354 867-8352,Paltor,Framleidsludeild
Petur Gudjonsson,5812,stjornunarradgjafi,Reykjavik,Petur,Gudjonsson,+354 555-6101,+354 567-8461,+354 867-8989,PetGud,Framleidsludeild
Petur Georg Gudmundsson,7616,framkvaemdastjori,Gardabae,Petur Georg,Gudmundsson,+354 555-6952,+354 567-8743,+354 867-6137,PetGGud,Framleidsludeild
Petur Gunnlaugsson,2292,logmadur utvarpsmadur,Reykjavik,Petur,Gunnlaugsson,+354 555-6804,+354 567-8883,+354 867-8268,PetGun,Framleidsludeild
Petur oli Jonsson,9497,serfraedingur,Reykjavik,Petur oli,Jonsson,+354 555-9275,+354 567-9436,+354 867-4309,PetJon,Framleidsludeild
Petur Kristjansson,6714,tjodfraedingur,Seydisfirdi,Petur,Kristjansson,+354 555-4610,+354 567-9230,+354 867-4086,PetKri,Framleidsludeild
Petur Bjorgvin torsteinsson,7891,djakni i Glerarkirkju,Akureyri,Petur Bjorgvin,torsteinsson,+354 555-1420,+354 567-9057,+354 867-1560,Pettor,Framleidsludeild
Ragnar Jonsson,5053,tonlistarkennari,Reykjavik,Ragnar,Jonsson,+354 555-5126,+354 567-9647,+354 867-4577,RagJon,Framleidsludeild
Ragnar omarsson,2369,byggingarfraedingur,Reykjavik,Ragnar,omarsson,+354 555-1209,+354 567-9823,+354 867-2545,Ragoma,Framleidsludeild
Ragnheidur olafia Davidsdottir,2864,framkvaemdastjori Tjonavarna,Hafnarfirdi,Ragnheidur olafia,Davidsdottir,+354 555-6416,+354 567-9236,+354 867-2600,RagDav,Framleidsludeild
Ragnheidur Birna Fossdal,3524,liffraedingur,Seltjarnarnesi,Ragnheidur Birna,Fossdal,+354 555-1370,+354 567-9727,+354 867-1362,RagFos,Framleidsludeild
Ragnhildur Gunnlaugsdottir,8716,leikskolakennari,Svf. alftanesi,Ragnhildur,Gunnlaugsdottir,+354 555-4143,+354 567-9819,+354 867-8547,RagGun,Framleidsludeild
Ragnhildur Sigurdardottir,6692,umhverfisfraedingur lektor bondi,Snaefellsbae,Ragnhildur,Sigurdardottir,+354 555-1788,+354 567-8266,+354 867-4301,RagnSig,Framleidsludeild
Ragnhildur Sigurdardottir A,9893,tydandi,isafjardarbae,Ragnhildur,Sigurdardottir,+354 555-5442,+354 567-8672,+354 867-5133,RagSig,Framleidsludeild
Ragnhildur Vigfusdottir,8089,deildarstjori,Reykjavik,Ragnhildur,Vigfusdottir,+354 555-5148,+354 567-8212,+354 867-7372,RagVig,Framleidsludeild
Rakel Sigurgeirsdottir,3865,framhaldsskolakennari,Akureyri,Rakel,Sigurgeirsdottir,+354 555-2056,+354 567-8167,+354 867-6487,RakSig,Framleidsludeild
Rene Biasone,6516,serfraedingur doktorsnemi studningsfulltrui,Reykjavik,Rene,Biasone,+354 555-2875,+354 567-8160,+354 867-2572,RenBia,Framleidsludeild
Reynir Heidar Antonsson,4657,stjornmalafraedingur oryrki,Akureyri,Reynir Heidar,Antonsson,+354 555-3915,+354 567-9411,+354 867-2045,ReyAnt,Framleidsludeild
Reynir Gretarsson,7341,framkvaemdastjori,Reykjavik,Reynir,Gretarsson,+354 555-5197,+354 567-8996,+354 867-7658,ReyGre,Framleidsludeild
Reynir Vilhjalmsson,6329,framhaldsskolakennari edlisfraedingur,Reykjavik,Reynir,Vilhjalmsson,+354 555-6094,+354 567-8618,+354 867-5143,ReyVil,Framleidsludeild
Robert Hlynur Baldursson,7627,nemi i kennslufraedum til kennslurettinda,Nordurtingi,Robert Hlynur,Baldursson,+354 555-8851,+354 567-8439,+354 867-1684,RobBal,Framleidsludeild
Rosa Gudrun Erlingsdottir,8485,doktorsnemi,Kaupmannahofn Danmorku,Rosa Gudrun,Erlingsdottir,+354 555-9060,+354 567-8274,+354 867-9832,RosErl,Framleidsludeild
Runar tor Jonsson,5768,logfraedingur,Akureyri,Runar tor,Jonsson,+354 555-3469,+354 567-8688,+354 867-5364,RunJon,Framleidsludeild
Salvor Nordal,9024,forstodumadur Sidfraedistofnunar Hi,Reykjavik,Salvor,Nordal,+354 555-7684,+354 567-8003,+354 867-1597,SalNor,Framleidsludeild
Sara Bjorg Sigurdardottir,5735,stjornmala- og stjornsyslufraedingur,Reykjavik,Sara Bjorg,Sigurdardottir,+354 555-2993,+354 567-8181,+354 867-3130,SarSig,Framleidsludeild
Sif Jonsdottir,6076,vidskiptafraedingur MBA,Reykjavik,Sif,Jonsdottir,+354 555-9989,+354 567-8245,+354 867-8564,SifJon,Framleidsludeild
Sigfridur torsteinsdottir,6362,mottokustjori,Reykjavik,Sigfridur,torsteinsdottir,+354 555-2907,+354 567-9773,+354 867-3397,Sigtor,Framleidsludeild
Signy Sigurdardottir,7748,rekstrarfraedingur,Reykjavik,Signy,Sigurdardottir,+354 555-7661,+354 567-8849,+354 867-1573,SigSig,Framleidsludeild
Sigridur Dogg Audunsdottir,6153,forstodumadur kynningarmala,Mosfellsbae,Sigridur Dogg,Audunsdottir,+354 555-3634,+354 567-9627,+354 867-4572,SigAud,Framleidsludeild
Sigridur olafsdottir,3139,lifefnafraedingur radgjafi,Reykjavik,Sigridur,olafsdottir,+354 555-2810,+354 567-8307,+354 867-1434,Sigola,Framleidsludeild
Sigrun Kapitola Gudrunardottir,2688,haskolanemi stundakennari,Svf. Hornafirdi,Sigrun Kapitola,Gudrunardottir,+354 555-2281,+354 567-8156,+354 867-6430,SigGud,Framleidsludeild
Sigrun Vala Valgeirsdottir,7704,frumkvodull framkvaemdastyra,Reykjavik,Sigrun Vala,Valgeirsdottir,+354 555-9248,+354 567-8913,+354 867-7877,SigVal,Framleidsludeild
Sigurbjorn Svavarsson,4679,rekstrarfraedingur,Mosfellsbae,Sigurbjorn,Svavarsson,+354 555-6733,+354 567-8495,+354 867-6562,SigSva,Framleidsludeild
Sigurdur Adalsteinsson,5592,veidileidsogumadur,Fljotsdalsheradi,Sigurdur,Adalsteinsson,+354 555-8565,+354 567-8923,+354 867-8104,SigAda,Framleidsludeild
Sigurdur Ingi Einarsson,6241,veltaeknifraedingur,Reykjavik,Sigurdur Ingi,Einarsson,+354 555-2681,+354 567-8667,+354 867-6329,SigEin,Framleidsludeild
Sigurdur Gretar Gudmundsson,4976,pipulagningameistari,Svf. olfusi,Sigurdur Gretar,Gudmundsson,+354 555-3476,+354 567-9232,+354 867-6769,SigGGud,Framleidsludeild
Sigurdur Holm Gunnarsson,3436,forstodumadur,Reykjavik,Sigurdur Holm,Gunnarsson,+354 555-8724,+354 567-8744,+354 867-7217,SigGun,Framleidsludeild
Sigurdur orn Hjorleifsson,3084,rafvirkjameistari,Odense Danmorku,Sigurdur orn,Hjorleifsson,+354 555-9792,+354 567-8991,+354 867-5330,SigHjo,Framleidsludeild
Sigurdur Ragnarsson,4481,salfraedingur,Borgarbyggd,Sigurdur,Ragnarsson,+354 555-9709,+354 567-9193,+354 867-3758,SigRag,Framleidsludeild
Sigurdur Gudmundur Tomasson,6208,utvarpsmadur,Mosfellsbae,Sigurdur Gudmundur,Tomasson,+354 555-3912,+354 567-9643,+354 867-4413,SigTom,Framleidsludeild
Sigurjon arnason,8056,nemi i felagsradgjof,Reykjavik,Sigurjon,arnason,+354 555-5873,+354 567-8676,+354 867-5572,Sigarn,Framleidsludeild
Sigurjon Jonasson,4437,flugumferdarstjori,Kopavogi,Sigurjon,Jonasson,+354 555-7972,+354 567-8146,+354 867-2365,SigJon,Framleidsludeild
Sigurlaug Anna Johannsdottir,4932,verkefnastjori,Kopavogi,Sigurlaug Anna,Johannsdottir,+354 555-5651,+354 567-8690,+354 867-3812,SiglJoh,Framleidsludeild
Sigurlaug t. Ragnarsdottir,6054,listfraedingur,Mosfellsbae,Sigurlaug t.,Ragnarsdottir,+354 555-6654,+354 567-8951,+354 867-3424,SigtRag,Framleidsludeild
Sigursteinn Robert Masson,7858,sjalfstaett starfandi,Kopavogi,Sigursteinn Robert,Masson,+354 555-1288,+354 567-9589,+354 867-9062,SigMas,Framleidsludeild
Sigurvin Jonsson,9805,skemmtikraftur,Akureyri,Sigurvin,Jonsson,+354 555-8763,+354 567-8946,+354 867-9577,SigJons,Framleidsludeild
Sigvaldi Einarsson,5482,radgjafi,Kopavogi,Sigvaldi,Einarsson,+354 555-8483,+354 567-8859,+354 867-9833,SigvEin,Framleidsludeild
Sigvaldi Fridgeirsson,5141,eldri borgari,Mosfellsbae,Sigvaldi,Fridgeirsson,+354 555-8647,+354 567-9264,+354 867-2288,SigFri,Framleidsludeild
Sigvardur Ari Huldarsson,9189,framkvaemdastjori Taeknihlidarinnar taeknimadur,Reykjavik,Sigvardur Ari,Huldarsson,+354 555-5104,+354 567-8738,+354 867-1506,SigHul,Framleidsludeild
Sigtrudur torfinnsdottir,4261,logfraedingur oryrki,Reykjavik,Sigtrudur,torfinnsdottir,+354 555-6424,+354 567-9302,+354 867-6065,Sigttor,Framleidsludeild
Silja Ingolfsdottir,2963,svaedisfulltrui hja Rauda krossi islands,Reykjavik,Silja,Ingolfsdottir,+354 555-3074,+354 567-9860,+354 867-2686,SilIng,Framleidsludeild
Silja Bara omarsdottir,4987,altjodastjornmalafraedingur adjunkt vid Hi,Reykjavik,Silja Bara,omarsdottir,+354 555-9757,+354 567-9482,+354 867-2207,Siloma,Framleidsludeild
Sindri Gudmundsson,2083,nemi,Reykjavik,Sindri,Gudmundsson,+354 555-5805,+354 567-8532,+354 867-2446,SinGud,Framleidsludeild
Skafti Hardarson,7649,rekstrarstjori,Reykjavik,Skafti,Hardarson,+354 555-3982,+354 567-8298,+354 867-2506,SkaHar,Framleidsludeild
Skuli tor Sveinsson,3293,solumadur,Reykjavik,Skuli tor,Sveinsson,+354 555-8142,+354 567-8355,+354 867-1217,SkuSve,Framleidsludeild
Smari Pall McCarty,3568,forritari,Reykjavik,Smari Pall,McCarty,+354 555-8322,+354 567-9424,+354 867-3017,SmaMcC,Framleidsludeild
Soffia Sigurdardottir,9178,umsjonarmadur,Svf. arborg,Soffia,Sigurdardottir,+354 555-5588,+354 567-9815,+354 867-8761,SofSig,Framleidsludeild
Soffia S. Sigurgeirsdottir,9079,M.Sc. altjodasamskipti,Reykjavik,Soffia S.,Sigurgeirsdottir,+354 555-2749,+354 567-8701,+354 867-9496,SofSSig,Framleidsludeild
Solveig Gudmundsdottir,5174,sjalfstaett starfandi leikkona,Reykjavik,Solveig,Gudmundsdottir,+354 555-9258,+354 567-8402,+354 867-6310,SolGud,Framleidsludeild
Solveig Dagmar torisdottir,7462,menningarmidlari grafiskur honnudur okuleidsogumadur,Reykjavik,Solveig Dagmar,torisdottir,+354 555-5840,+354 567-9358,+354 867-8773,Soltor,Framleidsludeild
Stefan Gislason,2072,umhverfisstjornunarfraedingur,Borgarbyggd,Stefan,Gislason,+354 555-2212,+354 567-9224,+354 867-7430,SteGis,Framleidsludeild
Stefan Palsson,4954,sagnfraedingur,Reykjavik,Stefan,Palsson,+354 555-9986,+354 567-9063,+354 867-1542,StePal,Framleidsludeild
Steinar Immanuel Sorensson,7561,oryrki,Reykjanesbae,Steinar Immanuel,Sorensson,+354 555-7224,+354 567-8752,+354 867-4032,SteSor,Framleidsludeild
Steinberg torarinsson,5581,adstodarmadur idjutjalfa,Reykjavik,Steinberg,torarinsson,+354 555-1213,+354 567-8042,+354 867-2469,Stetor,Framleidsludeild
Steinn Karason,3282,umhverfishagfraedingur gardyrkjumeistari,Reykjavik,Steinn,Karason,+354 555-5888,+354 567-8928,+354 867-4794,SteKar,Framleidsludeild
Sturla Jonsson,7957,vorubilstjori,Reykjavik,Sturla,Jonsson,+354 555-7267,+354 567-9771,+354 867-3194,StuJon,Framleidsludeild
Sturla Mar Jonsson,9398,husgagna- og innanhussarkitekt,Seltjarnarnesi,Sturla Mar,Jonsson,+354 555-1160,+354 567-8024,+354 867-9304,StuMJon,Framleidsludeild
Svanur Sigurbjornsson,4096,laeknir,Mosfellsbae,Svanur,Sigurbjornsson,+354 555-1632,+354 567-9504,+354 867-2514,SvaSig,Framleidsludeild
Svavar Kjarrval Lutersson,5086,nemandi,Hafnarfirdi,Svavar Kjarrval,Lutersson,+354 555-9770,+354 567-9387,+354 867-6172,SvaLut,Framleidsludeild
Sveinbjorg Birna Sveinbjornsdottir,5724,logmadur gudfraedinemi,Reykjavik,Sveinbjorg Birna,Sveinbjornsdottir,+354 555-8734,+354 567-8069,+354 867-7357,SveSve,Framleidsludeild
Sveinbjorn Fjolnir Petursson,4723,atvinnuleitandi,Reykjavik,Sveinbjorn Fjolnir,Petursson,+354 555-2219,+354 567-9138,+354 867-4364,SvePet,Framleidsludeild
Sveinn Gudmundsson,3986,haestarettarlogmadur,Reykjavik,Sveinn,Gudmundsson,+354 555-4753,+354 567-9012,+354 867-4915,SveGud,Framleidsludeild
Sveinn Halldorsson,4206,husasmidameistari,Hafnarfirdi,Sveinn,Halldorsson,+354 555-8070,+354 567-8748,+354 867-3139,SveHal,Framleidsludeild
Sveinn agust Kristinsson,6021,sjomadur,Vestmannaeyjum,Sveinn agust,Kristinsson,+354 555-8311,+354 567-9485,+354 867-6888,SveKri,Framleidsludeild
Saemundur Kristinn Sigurdsson,2996,taeknistjori,Hveragerdi,Saemundur Kristinn,Sigurdsson,+354 555-5467,+354 567-8002,+354 867-4791,SaemSig,Framleidsludeild
Saeunn torsteinsdottir,4690,listakona husfreyja kennari,Mosfellsbae,Saeunn,torsteinsdottir,+354 555-6550,+354 567-8445,+354 867-4665,Saeutor,Framleidsludeild
Saevar Ari Finnbogason,6846,sveitarstjornarmadur nemi,Hvalfjardarsveit,Saevar Ari,Finnbogason,+354 555-7180,+354 567-8321,+354 867-6925,SaevFin,Framleidsludeild
teodor Skuli Halldorsson,8408,framkvaemdastjori,Reykjavik,teodor Skuli,Halldorsson,+354 555-5927,+354 567-9259,+354 867-3899,teHal,Framleidsludeild
Tinna Ingvarsdottir,8925,logfraedimenntadur myndlistarmadur,Akureyri,Tinna,Ingvarsdottir,+354 555-1245,+354 567-8920,+354 867-3683,TinIng,Framleidsludeild
Tjorvi Gudjonsson,2732,laganemi,Reykjavik,Tjorvi,Gudjonsson,+354 555-6931,+354 567-8739,+354 867-3560,TjoGud,Framleidsludeild
Tryggvi Gislason,6428,fv. skolameistari malfraedingur,Kopavogi,Tryggvi,Gislason,+354 555-7824,+354 567-9111,+354 867-7115,TryGis,Framleidsludeild
Tryggvi Helgason,7352,fv. flugmadur,Akureyri,Tryggvi,Helgason,+354 555-8200,+354 567-9227,+354 867-8357,TryHel,Framleidsludeild
Tryggvi Hjaltason,7638,nemi,Vestmannaeyjum,Tryggvi,Hjaltason,+354 555-7057,+354 567-8576,+354 867-9491,TryHja,Framleidsludeild
Tryggvi Magnus tordarson,7121,trounarstjori,Kopavogi,Tryggvi Magnus,tordarson,+354 555-3920,+354 567-8176,+354 867-9074,Trytor,Framleidsludeild
ulfur Einarsson,6967,radgjafi a neydarvistun Studla,Reykjavik,ulfur,Einarsson,+354 555-8989,+354 567-8040,+354 867-8352,ulfEin,Framleidsludeild
Vagn Kristjansson,2512,logreglumadur,Akureyri,Vagn,Kristjansson,+354 555-3859,+354 567-8669,+354 867-3795,VagKri,Framleidsludeild
Valdimar Hergils Johannesson,8276,bladamadur,Mosfellsbae,Valdimar Hergils,Johannesson,+354 555-5212,+354 567-9004,+354 867-3502,ValJoh,Framleidsludeild
Valdis Steinarrsdottir,2171,framkvaemdastjori oryggisvordur,Mosfellsbae,Valdis,Steinarrsdottir,+354 555-8713,+354 567-8478,+354 867-3791,ValSte,Framleidsludeild
Valgardur Gudjonsson,7264,kerfisfraedingur,Reykjavik,Valgardur,Gudjonsson,+354 555-7076,+354 567-9570,+354 867-3535,ValGud,Framleidsludeild
Valgerdur Palmadottir,2545,MA i hugmynadasogu studningsfulltrui a sambyli,Goteborg Svitjod,Valgerdur,Palmadottir,+354 555-3710,+354 567-8941,+354 867-7090,ValPal,Framleidsludeild
Vidar Helgi Gudjohnsen,5328,lyfjafraedingur,Reykjavik,Vidar Helgi,Gudjohnsen,+354 555-3733,+354 567-9902,+354 867-2004,VidGud,Framleidsludeild
Vigdis Erlendsdottir,3051,salfraedingur,Reykjavik,Vigdis,Erlendsdottir,+354 555-8751,+354 567-9332,+354 867-1353,VigErl,Framleidsludeild
Vigfus Andresson,5471,bondi grunnskolakennari,Rangartingi eystra,Vigfus,Andresson,+354 555-1658,+354 567-8936,+354 867-1595,VigAnd,Framleidsludeild
Vignir Bjarnason,6505,verkamadur,Stykkisholmi,Vignir,Bjarnason,+354 555-5484,+354 567-8694,+354 867-6185,VigBja,Framleidsludeild
Vignir Ari Steingrimsson,9772,atvinnulaus,Svf. Vogum,Vignir Ari,Steingrimsson,+354 555-4414,+354 567-8843,+354 867-4800,VigSte,Framleidsludeild
Viktor Orri Valgardsson,2831,stjornmalafraedinemi,Reykjavik,Viktor Orri,Valgardsson,+354 555-3498,+354 567-8386,+354 867-6535,VikVal,Framleidsludeild
Vilhjalmur Andri Kjartansson,7418,haskolanemi,Reykjavik,Vilhjalmur Andri,Kjartansson,+354 555-3115,+354 567-8397,+354 867-1577,VilKja,Framleidsludeild
Vilhjalmur Sigurdur Petursson,2699,velvirki,Reykjavik,Vilhjalmur Sigurdur,Petursson,+354 555-9909,+354 567-9232,+354 867-3499,VilPet,Framleidsludeild
Vilhjalmur t. a. Vilhjalmsson,3183,logfraedingur,Reykjavik,Vilhjalmur t.,Vilhjalmsson,+354 555-6644,+354 567-9237,+354 867-7397,VilVil,Framleidsludeild
Vilhjalmur torsteinsson,2325,stjornarformadur CCP,Reykjavik,Vilhjalmur,torsteinsson,+354 555-8537,+354 567-9017,+354 867-6552,Viltor,Framleidsludeild
torbergur torsson,6483,hagfraedingur,Reykjavik,torbergur,torsson,+354 555-4623,+354 567-8624,+354 867-8925,tortor,Framleidsludeild
torfinnur omarsson,2809,ritstjori,Reykjavik,torfinnur,omarsson,+354 555-6519,+354 567-8068,+354 867-5766,toroma,Framleidsludeild
torgeir Tryggvason,8969,texta- og hugmyndasmidur,Reykjavik,torgeir,Tryggvason,+354 555-4675,+354 567-8700,+354 867-4649,torTry,Framleidsludeild
torkell Helgason,2853,staerdfraedingur,Svf. alftanesi,torkell,Helgason,+354 555-7055,+354 567-9418,+354 867-9883,torHel,Framleidsludeild
torsteinn Arnalds,2358,verkfraedingur,Reykjavik,torsteinn,Arnalds,+354 555-8494,+354 567-9195,+354 867-4419,torArn,Framleidsludeild
torsteinn Bardason,2501,framhaldsskolakennari,Reykjavik,torsteinn,Bardason,+354 555-9786,+354 567-8840,+354 867-3568,torBar,Framleidsludeild
torsteinn Hilmarsson,3678,heimspekingur,Reykjavik,torsteinn,Hilmarsson,+354 555-6858,+354 567-8273,+354 867-5995,torHil,Framleidsludeild
torsteinn Ingimarsson,2457,atvinnufulltrui Kopavogsbaejar,Kopavogi,torsteinn,Ingimarsson,+354 555-4896,+354 567-9603,+354 867-6975,torIng,Framleidsludeild
torsteinn Jonsson,5746,velvirki,Reykjavik,torsteinn,Jonsson,+354 555-1587,+354 567-9333,+354 867-3104,torJon,Framleidsludeild
torsteinn Vidar Sigurdsson,2798,malarameistari,Reykjavik,torsteinn Vidar,Sigurdsson,+354 555-5408,+354 567-9108,+354 867-1869,torSig,Framleidsludeild
torvaldur Gylfason,3403,professor,Reykjavik,torvaldur,Gylfason,+354 555-7163,+354 567-8859,+354 867-6157,torGyl,Framleidsludeild
torvaldur Hjaltason,9607,verslunarstjori vidskiptafraedingur,Reykjavik,torvaldur,Hjaltason,+354 555-2066,+354 567-8942,+354 867-2872,torHja,Framleidsludeild
torvaldur Hrafn Yngvason,5372,logfraedingur fulltrui,Reykjavik,torvaldur Hrafn,Yngvason,+354 555-8663,+354 567-8817,+354 867-2037,torYng,Framleidsludeild
tor Gislason,4492,verkefnastjori Reykjavikurdeild Rauda kross islands,Hafnarfirdi,tor,Gislason,+354 555-5881,+354 567-8443,+354 867-6682,torGis,Framleidsludeild
tor Ludwig Stiefel,9827,listamadur,Reykjavik,tor Ludwig,Stiefel,+354 555-6710,+354 567-9547,+354 867-2941,torSti,Framleidsludeild
torbjorn Sigurdsson,8826,rannsoknarlogreglumadur,Reykjavik,torbjorn,Sigurdsson,+354 555-4745,+354 567-9648,+354 867-5090,torbSig,Framleidsludeild
tordur Eytorsson,3172,nemi,Reykjavik,tordur,Eytorsson,+354 555-5092,+354 567-9044,+354 867-3982,torEyt,Framleidsludeild
tordur Eyfjord Halldorsson,8529,starfar sjalfstaett,Reykjanesbae,tordur Eyfjord,Halldorsson,+354 555-1259,+354 567-8631,+354 867-1435,torHal,Framleidsludeild
tordur Mar Jonsson,7594,logfraedingur,Kopavogi,tordur Mar,Jonsson,+354 555-7379,+354 567-9388,+354 867-8393,tormJon,Framleidsludeild
torgnyr toroddsen,7836,fristundaleidbeinandi,Reykjavik,torgnyr,toroddsen,+354 555-1563,+354 567-8772,+354 867-4195,torto,Framleidsludeild
torhildur torleifsdottir,5196,leikstjori,Reykjavik,torhildur,torleifsdottir,+354 555-7652,+354 567-8349,+354 867-9422,torhtor,Framleidsludeild
torir Steingrimsson,3469,rannsoknarlogreglumadur,Kopavogi,torir,Steingrimsson,+354 555-9046,+354 567-9022,+354 867-6595,torSte,Framleidsludeild
torir Saemundsson,6648,leikari,Reykjavik,torir,Saemundsson,+354 555-4693,+354 567-8607,+354 867-4187,torSaem,Framleidsludeild
torir Jokull torsteinsson,5218,prestur,Mosfellsbae,torir Jokull,torsteinsson,+354 555-2009,+354 567-9271,+354 867-8569,torJtor,Framleidsludeild
torolfur Sveinsson,2567,bondi,Borgarbyggd,torolfur,Sveinsson,+354 555-8731,+354 567-8573,+354 867-5401,torSve,Framleidsludeild
torunn Gudmundsdottir,2413,sagnfraedingur,Reykjavik,torunn,Gudmundsdottir,+354 555-2103,+354 567-8537,+354 867-9994,torGud,Framleidsludeild
torunn Halfdanardottir,5152,kerfisfraedingur,Fljotsdalsheradi,torunn,Halfdanardottir,+354 555-3584,+354 567-8842,+354 867-7313,toruHal,Framleidsludeild
torunn Hjartardottir,6956,myndlistarmadur lesari,Reykjavik,torunn,Hjartardottir,+354 555-5345,+354 567-8154,+354 867-4527,torHjar,Framleidsludeild
torunn Hilda Jonasdottir,3601,deildarstjori,Reykjavik,torunn Hilda,Jonasdottir,+354 555-2411,+354 567-8884,+354 867-7766,torHJon,Framleidsludeild
torunn M.J.H. olafsdottir,8694,sjukralidi,Reykjavik,torunn M.J.H.,olafsdottir,+354 555-8679,+354 567-9518,+354 867-5688,torola,Framleidsludeild
aegir Bjorgvinsson,2743,verkstjori,Hafnarfirdi,aegir,Bjorgvinsson,+354 555-3981,+354 567-8901,+354 867-1259,aegiBjo,Framleidsludeild
aegir Geirdal Gislason,7363,atvinnulaus oryggisvordur,Svf. Vogum,aegir Geirdal,Gislason,+354 555-5318,+354 567-9931,+354 867-4786,aegiGis,Framleidsludeild
aegir orn Sveinsson,8903,tolvunarfraedingur,Kopavogi,aegir orn,Sveinsson,+354 555-9594,+354 567-9731,+354 867-4550,aegiSve,Framleidsludeild
orn Reykdal Ingolfsson,4514,Bifvelavirki,Mosfellsbae,orn Reykdal,Ingolfsson,+354 555-1487,+354 567-8415,+354 867-2106,ornIng,Framleidsludeild
orn Bardur Jonsson,8353,soknarprestur,Reykjavik,orn Bardur,Jonsson,+354 555-8109,+354 567-9962,+354 867-9313,ornJon,Framleidsludeild
orn Sigurdsson,2347,arkitekt,Reykjavik,orn,Sigurdsson,+354 555-2478,+354 567-9276,+354 867-6540,ornSig,Framleidsludeild
Adolf Fridriksson,9057,forstodumadur,Reykjavik,Adolf,Fridriksson,+354 555-6134,+354 567-8221,+354 867-8677,AdoFri,Framleidsludeild
Adalbjorg Hlin Brynjolfsdottir,6461,vidskiptafraedingur,Reykjavik,Adalbjorg Hlin,Brynjolfsdottir,+354 555-3503,+354 567-9993,+354 867-8841,AdaBry,Framleidsludeild
Adalbjorg Ros oskarsdottir,4591,ritari,Reykjavik,Adalbjorg Ros,oskarsdottir,+354 555-6008,+354 567-9215,+354 867-4703,Adaosk,Yfirstjorn
Adalheidur Johannsdottir,8298,professor,Reykjavik,Adalheidur,Johannsdottir,+354 555-1274,+354 567-8223,+354 867-2671,AdaJoh,Yfirstjorn
Adalsteinn tordarson,3546,efnaverkfraedingur,Reykjavik,Adalsteinn,tordarson,+354 555-7753,+354 567-9443,+354 867-1912,Adator,Yfirstjorn
Agnar Jon Egilsson,9816,leikstjori,Reykjavik,Agnar Jon,Egilsson,+354 555-2264,+354 567-9722,+354 867-9757,AgnEgi,Yfirstjorn
Agnar Kristjan torsteinsson,5702,radgjafi i notendatjonustu,Reykjavik,Agnar Kristjan,torsteinsson,+354 555-2466,+354 567-9395,+354 867-2539,Agntor,Yfirstjorn
Alda Davidsdottir,2765,framkvaemdastjori,Vesturbyggd,Alda,Davidsdottir,+354 555-8942,+354 567-9144,+354 867-3780,AldDav,Yfirstjorn
Alfred Hafsteinsson,2589,velfraedingur,Reykjavik,Alfred,Hafsteinsson,+354 555-3738,+354 567-8131,+354 867-8267,AlfHaf,Yfirstjorn
Alvar oskarsson,6549,eldri borgari,Reykjavik,Alvar,oskarsson,+354 555-4510,+354 567-8101,+354 867-4149,Alvosk,Yfirstjorn
